-- --------------------------------------------------------
-- Host:                         81.31.151.15
-- Server version:               10.3.27-MariaDB-log - MariaDB Server
-- Server OS:                    Linux
-- HeidiSQL Version:             11.2.0.6213
-- --------------------------------------------------------

/*!40101 SET @OLD_CHARACTER_SET_CLIENT=@@CHARACTER_SET_CLIENT */;
/*!40101 SET NAMES utf8 */;
/*!50503 SET NAMES utf8mb4 */;
/*!40014 SET @OLD_FOREIGN_KEY_CHECKS=@@FOREIGN_KEY_CHECKS, FOREIGN_KEY_CHECKS=0 */;
/*!40101 SET @OLD_SQL_MODE=@@SQL_MODE, SQL_MODE='NO_AUTO_VALUE_ON_ZERO' */;
/*!40111 SET @OLD_SQL_NOTES=@@SQL_NOTES, SQL_NOTES=0 */;


-- Dumping database structure for interna5_dbcommu
CREATE DATABASE IF NOT EXISTS `interna5_dbcommu` /*!40100 DEFAULT CHARACTER SET latin1 */;
USE `interna5_dbcommu`;

-- Dumping structure for table interna5_dbcommu.chat_group
CREATE TABLE IF NOT EXISTS `chat_group` (
  `chat_id` int(11) NOT NULL AUTO_INCREMENT,
  `group_id` int(11) DEFAULT NULL,
  `group_sender_id` int(11) DEFAULT NULL,
  `group_message` mediumtext DEFAULT NULL,
  `group_timestamp` timestamp NULL DEFAULT NULL,
  `group_status` int(1) DEFAULT NULL COMMENT '1 - uread, 0 - read',
  PRIMARY KEY (`chat_id`),
  KEY `FK_chat_group_chat_group_names` (`group_id`),
  KEY `FK_chat_group_user` (`group_sender_id`),
  CONSTRAINT `FK_chat_group_chat_group_names` FOREIGN KEY (`group_id`) REFERENCES `chat_group_names` (`group_id`),
  CONSTRAINT `FK_chat_group_user` FOREIGN KEY (`group_sender_id`) REFERENCES `user` (`user_id`)
) ENGINE=InnoDB AUTO_INCREMENT=10 DEFAULT CHARSET=utf8;

-- Dumping data for table interna5_dbcommu.chat_group: ~0 rows (approximately)
/*!40000 ALTER TABLE `chat_group` DISABLE KEYS */;
INSERT INTO `chat_group` (`chat_id`, `group_id`, `group_sender_id`, `group_message`, `group_timestamp`, `group_status`) VALUES
	(9, 9, 2, 'TXBxd0JSUnFNM2NGanA0d0sybWRMZz09Ojqn4KUWCf171FVXLSpnb3P0', '2020-11-11 20:08:31', 0);
/*!40000 ALTER TABLE `chat_group` ENABLE KEYS */;

-- Dumping structure for table interna5_dbcommu.chat_group_members
CREATE TABLE IF NOT EXISTS `chat_group_members` (
  `group_members_id` int(11) NOT NULL AUTO_INCREMENT,
  `group_id` int(11) NOT NULL,
  `user_id` int(11) NOT NULL,
  PRIMARY KEY (`group_members_id`),
  KEY `FK_chat_group_members_chat_group_names` (`group_id`),
  KEY `FK_chat_group_members_user` (`user_id`),
  CONSTRAINT `FK_chat_group_members_chat_group_names` FOREIGN KEY (`group_id`) REFERENCES `chat_group_names` (`group_id`),
  CONSTRAINT `FK_chat_group_members_user` FOREIGN KEY (`user_id`) REFERENCES `user` (`user_id`)
) ENGINE=InnoDB AUTO_INCREMENT=5 DEFAULT CHARSET=utf8;

-- Dumping data for table interna5_dbcommu.chat_group_members: ~2 rows (approximately)
/*!40000 ALTER TABLE `chat_group_members` DISABLE KEYS */;
INSERT INTO `chat_group_members` (`group_members_id`, `group_id`, `user_id`) VALUES
	(3, 9, 1),
	(4, 9, 2);
/*!40000 ALTER TABLE `chat_group_members` ENABLE KEYS */;

-- Dumping structure for table interna5_dbcommu.chat_group_names
CREATE TABLE IF NOT EXISTS `chat_group_names` (
  `group_id` int(11) NOT NULL AUTO_INCREMENT,
  `group_name` varchar(50) NOT NULL,
  PRIMARY KEY (`group_id`)
) ENGINE=InnoDB AUTO_INCREMENT=10 DEFAULT CHARSET=utf8;

-- Dumping data for table interna5_dbcommu.chat_group_names: ~0 rows (approximately)
/*!40000 ALTER TABLE `chat_group_names` DISABLE KEYS */;
INSERT INTO `chat_group_names` (`group_id`, `group_name`) VALUES
	(9, 'Cruscotto di Controllo');
/*!40000 ALTER TABLE `chat_group_names` ENABLE KEYS */;

-- Dumping structure for table interna5_dbcommu.chat_message
CREATE TABLE IF NOT EXISTS `chat_message` (
  `message_id` int(11) NOT NULL AUTO_INCREMENT,
  `sender_userId` int(11) NOT NULL,
  `receiver_userId` int(11) NOT NULL,
  `message` mediumtext NOT NULL,
  `message_timestamp` timestamp NULL DEFAULT NULL,
  `message_status` int(1) NOT NULL COMMENT '1 - uread, 0 - read',
  PRIMARY KEY (`message_id`)
) ENGINE=InnoDB AUTO_INCREMENT=43 DEFAULT CHARSET=utf8mb4;

-- Dumping data for table interna5_dbcommu.chat_message: ~21 rows (approximately)
/*!40000 ALTER TABLE `chat_message` DISABLE KEYS */;
INSERT INTO `chat_message` (`message_id`, `sender_userId`, `receiver_userId`, `message`, `message_timestamp`, `message_status`) VALUES
	(22, 2, 1, 'eThMaG4yQW85UkFveXk4cUFIWnpiZz09Ojowx4rDYvuXT15CwdszCz5Y', '2020-11-11 20:07:03', 0),
	(23, 2, 254, 'Z0xkNys1bjVtWTVnRENsOE5meS8wdz09OjpEUGepaktZhGXv/JhHuwXj', '2020-11-27 17:55:57', 0),
	(24, 2, 254, 'TGtHT3BNU0RodkFOaVcxV1VEaHFGYmlpMTk5dzFoMVFkeVk5RGhpTG4yZz06Oj57txUWFBUzlRP4odGdnk0=', '2020-11-27 18:55:42', 0),
	(25, 2, 254, 'WU5uN1M5TnBtVjVYTlRUN0ticDlyUT09OjoWOzCy1mV0K/6CHh4LaSEG', '2020-11-27 19:19:00', 0),
	(26, 2, 254, 'aEdEdW5NSkpuQWtjOGUvcEpORWdYQT09OjrEwWvkdDdfmKa0Xzli/RtI', '2020-11-27 19:19:23', 0),
	(27, 2, 254, 'eklqS0hFaVovVlltTkJSVCtCditJZz09OjqJA8RbibDVNXu3U7tUHKtF', '2020-11-27 19:19:34', 0),
	(28, 2, 254, 'OGErYUhmMjFINnc3QjVxSGRtUzFidz09OjrgbeIYdrWeIC3L/PVQT8jn', '2020-11-27 19:58:26', 0),
	(29, 254, 2, 'cy9DUldyZDRLQjdIM29Ub1V6Vkx0aXVTNGRsdHZ0SkQ4QU5sWkhwcUJ1cz06OhEP00b19BjoP/G8vIZsxmo=', '2020-11-30 10:04:57', 0),
	(30, 254, 2, 'N25FSGlQMlkwQitBTFFVM0YxTmpROVliMnZ3WXJXbE45SkwvckRDOWR1Yz06OrIhISmrf/Ooisa3OgU3FVQ=', '2020-11-30 10:05:02', 0),
	(31, 172, 1, 'U1N5MXVVRWl0RG81RzZjQ1lYZmtneGJpMkFzRkhiQXRjNUN4MlBSUEIrdjNEYWMxcWhWOHh3N1k0TFVlRTh0bDo6s6z/7fIPRRvfazcayJuNHg==', '2020-11-30 10:29:41', 0),
	(32, 172, 1, 'U2JaNTRqc0NBamNtbEFNdEg3OEs1VUZXVVZEOGNnQmNKMEZWczcxbDdGaz06OpAfS6dmL9RsEZy6+CaBhL0=', '2020-11-30 10:30:06', 0),
	(33, 177, 1, 'RkZpZ2taS0t4R2xaOVZ1ZjIrN3RhcHV6NVEyTHE4bUNKMVd4YkhNRzB1Nnpmem5Oc1hjZ2tkNFlCaVh0Yy90NjBUdS9Nak1BdVNKMitWWkNiVVJuYU1RemczSmNwSzVjQ0l0Zm00ejRmZFk4cE9IOXBnRlVCZmpXYmhOWWR5RXl6di9PK2RSL1Vzd1BlZDlZc3dKa00xVHdUMm15QzJkMHdjMklHcEpPZWZRPTo6H/KHtgVLMelnZrk9lE0NGw==', '2020-11-30 12:12:19', 0),
	(34, 1, 177, 'VXEyeERNUjJmUWFxZXN3SEdxSFU2TDF1YXQyWHU4T2l5Wnp5YUdDelNUdlJSOExOTVo4MDZVcE9Eclp4SlZMKzFHbkFpMlRDTFc2Z2tuVkFHOWZOUGZkeVBqY0xMZU1tc0c2cC93K2NVd3Q2UTZtRmFmTzY5MkZJUUZDZm5saVhiUWxpL0UvSkxOanZzcUFkalF4RUtRPT06OqOkyDJUlBCxNirSu1IKY0s=', '2020-11-30 16:36:05', 0),
	(35, 1, 172, 'WjdISnFOb1FIRTdnYzNGakxIUHpTUXUwZ29Ga2tMMklVb0JOZWhZVDYwRXBtRXNBenREUjhzdVN5RWsxSmh2Smd5VlBwUUVXdkozdTA4c1dWb29xWnhlbndoZ3pCRXYvS2NZUFR3Z0NvTjJQVTlxVDZ1bU56SjMwc2VwcUR5VHBtdGYzV3EyTUgwNzRIOWFIWmJQOHh3RFJEYzRFSFR1ZTMyYW5GMWVsNm1VPTo62uTxojEljl5O6LPAoVQBrw==', '2020-11-30 16:37:47', 0),
	(36, 172, 1, 'N29zWFBCYnhuVGQ4Z28zQTgweXVrbzZnKzFUbmw2bzFhZWZQZ2ZaclcrTzczaWZFOE5JNjAyUW00V3ExSUNBSzo6bnbUkZOwqY7OT1XvAp76gQ==', '2020-11-30 18:02:05', 0),
	(37, 172, 1, 'Rmk1cVNBb29JQUtqcTJGODUwbWpWUT09Ojo9CawYmjyLfOBajEqKYIe+', '2020-11-30 18:02:26', 0),
	(38, 172, 1, 'QzRrTGV5TERIWGZIeUpJdkVpbU53bnpIckZ5MlQ3elhCRUFaV1pacmwyVFR2RUJXZG85TGs1OVMvOFlKR0s1azo6+6dnVYsfXNNXaAUHl7oAXg==', '2020-11-30 18:02:39', 0),
	(39, 172, 1, 'U2pHK2gvdEFIRHFrWlFNK0g3WUlHUT09Ojr0fkec53zl5zSOADXDdE+i', '2020-11-30 18:02:46', 0),
	(40, 2, 254, 'ZlBSbFUwbUlFUldmQlNmWkxWc1MwblpQdGZQRXl3WExGSUZtbTVzbjNqND06OqrN49sLvlvahC0eCVeZhHM=', '2020-12-01 11:30:59', 0),
	(41, 2, 254, 'WC9PR0FMVkwxSHMzWlB0WHQ0WU13Zz09Ojq1L/dQgKtvrIusV9tDzooU', '2020-12-01 11:31:02', 0),
	(42, 21, 126, 'dDh0elVCVDc0Z05mNmlQYkY3MXE1dnVpSVNXWFQvZzllM0MyK1FXOUx0UnZVUlNoWGtnNWZDd0F2VEU3dFlSNDo6dBm0quVQrs/USL8MCX5hUA==', '2020-12-02 12:32:43', 0);
/*!40000 ALTER TABLE `chat_message` ENABLE KEYS */;

-- Dumping structure for table interna5_dbcommu.chat_topic
CREATE TABLE IF NOT EXISTS `chat_topic` (
  `chat_id` int(11) NOT NULL AUTO_INCREMENT,
  `topic_id` int(11) DEFAULT NULL,
  `topic_sender_id` int(11) DEFAULT NULL,
  `topic_message` longtext DEFAULT NULL,
  `topic_timestamp` timestamp NULL DEFAULT NULL,
  `topic_status` int(1) DEFAULT NULL COMMENT '1 - uread, 0 - read',
  PRIMARY KEY (`chat_id`),
  KEY `FK_chat_topic_chat_topic_name` (`topic_id`),
  KEY `FK_chat_topic_user` (`topic_sender_id`),
  CONSTRAINT `FK_chat_topic_chat_topic_name` FOREIGN KEY (`topic_id`) REFERENCES `chat_topic_name` (`topic_id`),
  CONSTRAINT `FK_chat_topic_user` FOREIGN KEY (`topic_sender_id`) REFERENCES `user` (`user_id`)
) ENGINE=InnoDB AUTO_INCREMENT=78 DEFAULT CHARSET=utf8;

-- Dumping data for table interna5_dbcommu.chat_topic: ~13 rows (approximately)
/*!40000 ALTER TABLE `chat_topic` DISABLE KEYS */;
INSERT INTO `chat_topic` (`chat_id`, `topic_id`, `topic_sender_id`, `topic_message`, `topic_timestamp`, `topic_status`) VALUES
	(59, 54, 1, 'WWpqT1lJZHdEMFIzdWNSaUFPcVlEY081dVliWGkwRkZOWlhkTWIyYzB6cUNURWZWMFRrWFVrVjB5SGFSVWdFWDZVakNhU1dneUp0R09lOXk1SFMzY0RtNzcvWGdyMmtNVU83djU4ajg5WFhnWW9iUzcvRTkzV2VCS1haZDc2THdvbk5EYmdTS1ZJRFVrVW9MTXRzWW55bjFTWHJUWWJzdm43N09iN0JHUG1rZm5FNGsvSU1qeVU2MWVoNGVnUlhET285aEFKbE1zRzNpR0lWSGZibGIvZENZc1dWUU1xT1hmVnBwV2Zrd1lrVUl6dGF1dWErWmF0TkZ0dVA4NnZwQ3VqS2wwMXJoSkwxdGp4eUtHMVFJaUFnZ0tLNk5nMytyNjFwSG5XU2pjOVd0WTUyZDRtV1J2ZE1tTkxHRk9WRnk1WTlCS09qaVdzWFZIQVJ6MVJjZ0R3PT06Os/NMB77fWXX4u1lblRe3ig=', '2020-11-26 12:26:51', 0),
	(61, 53, 1, 'N3cxdGZ5RXEyRTFpMElxdG1KN0hFU1grRStZY0YxZWRXUHJvamtsSDkxRE01YXR0a1h2SXpNK0VwaEhKR09ibGNxWU52Vk9zeExWdTVXVUQ5b2FiTFhtTE01OW5oM3R0YmFQTm1YSW9SemJUNC9Sa2dKUlJhTHJpZnNlbHZFeXRHbHVpeVhBbVBTQVJPb25uNlFOWjRQZDh2RHpUbC9MWjRJTngyNzdXMURBalpDQ0tmYllyZ3I4RlptbWR1ZGVicFJpMnRZK1FuM0F2Si9tdWhLZWFsQkpvMGRSSmN6UmRXRlRTeUVNd0haU2hYL3p0UkZUTFJ3blVaK09Zd0c3NTBhZllnZ1BsdCt5Y0lHTVNycENHTzdvS1ExYzJtRE1iVS9BanVlOUtDOUlDeHFvamVwQlZFKzBDdXRoY0R5U1kyRmROU1FLQXI3eEs5cnlJOWdKOVJJWllibGREWldPZFVJWjU2NHlBcG9ZeXByVjhGMFFKQ3hNZEhTTzhnUkhveVUzNUtkbXlFQlBYaUpIbjRPSGVFQT09Ojp5bKQahRuy87GsGoeztWF1', '2020-11-26 17:56:11', 0),
	(62, 56, 88, 'ZmFvanF3Q2txSDFtWDNxNXlSUVJLMmtkME4ralhyNkh2QkRxdlpMWnJRZ2YzbE42Ri9pTFRpOGwvRDlMMkp5NXRVdnJ2UVZkVktYQ2VTYlEwYks4aTBCYXVmakJuSDdtNEpVdm45dWNyZVVwY2VDbTZEN0sybXhTVkZyOFJpbTA2ZURDMXpUdUFUb2k3SDRaN3pLTHRvbC8zWHBOWUp1Ry9Nait5c1hLRHkvaGlXVDVlZWFWYnZlQ1RpVTJPRlJyOGNTWkpMdU5zQS9tSXZmK0JSeVo1U05mRFVNSTh4MkZySjNjSFF4TE1GNHp4VWdXMDBlcFBNMkVWU2hGN2gwTFd4alJnQVRORkRBTmpZd0NFZWh3Nk9mM2I2SkxIeW93R0hrQnRuZkFDK1IzSHFXc1ltTGhlY3lrcGxsMUNKblRPRnFlZytIdnY3TTBFWldrb0hkdjYwdklNMFgyRXNzb2FYUFdzdXo0bXVqUmVHaUp2ekd3d0cvcTg3My91Z0hkZ0FpS2JmSGNwNldVazdad0dHTU9DK0VXbW1aVkVLZVM4Y3YzVzZtelA2SEdqbEYwZHZ6VzUzUWt6Z2pNbmRpMzdYZXpxSy9MSWE0L1VZYWpoOGVSM284VEFMWFVJWWdEbktqVzVJcnVGRE5nM3QrQ0xYRktMTU4zckNITHBxNGl0cVlKUitWZXk3V0FacStTUkhCY2xGY0ZTR2t1RkFOMmdvMWEyQ2F1NUFUTktKVVE3S2c3a2ZDQ0g1MVNpSkFWaFl6N2kyYUpDRU1FUkRkaGtKRW0yYWg3WUtLbHZweG1jaXNBVUZKZzgwQkx2a3FnZ0NkcktjOVYwTTZQdGhTa3c3QUJNd2dPdEEvQWFlRWozNVdVZ2dYUFloNndVUjFXTGt2eUMrUmNLbkthbUNobjQwUmZvSndwWG1wbTA4bXJvR09GSUMxc2gxNFRIWnRxUlVVSVJYcldDdXo1OTNUY1VCRXlUQnU5Y2xoamdjczJHRU8zVDVlWnJUYnVVZ1RzOVMvdHBXaEZrU0lZWGR0bmt1TndlOE03SXFzcWI2TkM1bXE3SXpvVGZYMmJIejBkVmJtRnNuTGlXeTBzZElJSlVzcDY0NlJiOXp3NEtJajlWRkZ4dTNKSHJmSUdGMmozcEo2cEQyTVlrZFk9OjqdRxfJ5t3TMnBJFuKWZJp9', '2020-11-27 08:03:07', 0),
	(63, 53, 74, 'M1dpUkpWZzdkR0VXM2pnM2J5YUcvdz09OjosDqFdKQmOJ94h38zdYwRk', '2020-11-27 12:01:17', 0),
	(64, 54, 74, 'RSs4Sis2WDFSZjJxaUVISHM1aG5wMHZ5MXRvV3RzV09QeTNvVy83R2plSGI3TDFTdVZXQmlNR2Q4SFRGZkdBRVFJNTBkV2xwdXgzWHJSakdjTWdJcENqNTRBNGxiZjhUMkpMZzJZNW4rMTdlbEp6d0x4ZWtCeUUzQ1RYcUZEMnQ2cGVTU1RpWnVhL3dyNGdubGhYR2tkOTJMN25teS9kaHBOd2RTc2pJaExWUmxwelI5SmFGY1FMZmhrMkl0YVIrOjo6+LactQJSiv6YDIUM8q4T', '2020-11-27 12:02:19', 0),
	(65, 56, 146, 'OFZhRGpsSFZJeWs2WlRlRDdXc093aEFodUhJcUdrWEJCNHM2TDVNTldGai9Pem4yUC9VS21sVXh4M1lHTUNIdnZKaXphTHNYYTd0cTIvMlFVdVJPeUxOZlZBN2V1OWY3cWY5ZzM1YnhJZlE2V3JVbFBsNWJQa2liVHZPdzRzTDdoNW1lU20wMThHdlJReTVtMUdqdWVEK2ZjZ2lmK1pORmZYMHJFQTdRWEhsSFFyYkxuNU1DMFlLcmpDT0NQa0o0L1JHMGIwL3YranR1bWgwQ0thSy9OUVpvU2kvOXE1b1h6OC9Xb0Rsc1J4S2JCcERSdXlOcGlOM1BUTExSdGg3ZHdDOXVkbzRrSVUrNTgydFJZRUY3Q2c9PTo6wfcHvqIxaeWXv6Ve/EyILg==', '2020-11-27 13:26:00', 0),
	(66, 56, 1, 'TVpGRGN2MEt5VjhQZDRHT2F1WFg4UlpsTEViSTlPbDRTbDJrNWh3cTBUQmhBUFM2aU5kWHlRVENCQzU5NVJ6aXlvVytUWE5wZXgzSHE4WVRhaFJVa3c9PTo6Gk7u9ZHIkN/n5G18VXEx8Q==', '2020-11-27 18:46:58', 0),
	(67, 60, 1, 'UEpGcjFVRXprVnAwT0RESVlaTW02NEF4bWxlQ0Vja3E0L3QzVGxpWDJURzR3Sk5UclBzaldaTkF6cVgxbmZEeEp0VS9xd2E0b0pYZ1JYajhTdk9wYnJkK0ZJYmRoS2hOdkZUdW9QMnN5ZTFKc1hLODJrbDFMeDREYTVkemlUS09sWDBKcUtWbmtUbnE3d056YXozeVZwdHo4R05wUjNCQkkvMnRUTmdWbUJmNHMzUHdoZnJrQk9RT2FsL1lvTXV3SkJTMU5Bc1ZDY3dCK0IvTzcxU3ByMzVNR3lmU1Z5L1NIRVRaTFJvc0xPT2dQcUtBU3RQbWNTUXE2b0s4RmpnUk9NejRnZE43bEhYKzRRYzZrcWRzSmU1WnpDQUN4NGU5cUVtSCtZMVc1Y3haVkowWDdMOXpRcjIvMjBhcjN6RTRIQThwdmloNXkrbWorcEV1T20xeG5IUGpKeTA4RE1KYzIvZkhreGlaamYyMzFsN0REeTZPTE9vYjNNRVEwT2xWSERGZVdBT3pVQy9YNEd1QWJCRVN0cEd1b2xtOTZNaHlqV2hoazdLYUUydjRpOVo0U3RVVStXQlk3d3ZzNmk0b29KekxpRkdhK0UyWHNRWVhWLy9TY05mMVA4VlQ4UmhMZ0ZXempjc3hMczBuazVBdnNNd2ptS09NRllWdW9Pd0plaTFKUllVOVdVUG9DeDlYdW5kSUpvTlBTUThSTW1sR3FnenFVM0VtSmVwRERPMzAyVlZUN0ZiaUk1WW53Mmdyc0FHd2I0ejNteXZERmMzTGp3Uk5GZEoyTTh4N0I5UmQvdFRNdk5qMXlpaERGRkNSMWxyKzU0M1pKYXdsRHhnOVZSZ2VUeDM5YU1abEhvV3E5YkFKS2ZIdVRYQzBjcmNwdkZaT1ZGbWR0cWpFUFBUTWtXcGxoY3VxaSsyaTkzL29oblpibFZNcGRzZGxtUS9qVy9LWmVzYllYTUxwK3pnbVAzY1lYaGZvU1M5UFhvTFFIblhURURuM1ZQZUpPdWd2R01hd2crOVZnZy9kR25tWFNWM2VRZz09OjrgT4Z9EVuw41b4Rdn79ekl', '2020-11-27 19:44:55', 0),
	(68, 64, 172, 'VWk1b1VvVXFsUUNJWlhubUQ2dFEyaEJHOXVxSE1YUEx2Mk4vU2VRVlhZNVRLR3NqZ3dTTmhSU2t2SHNmUHRHSU42UTd3a0hxNk5ZZGJKNjZLRHNacFczd21MVldBUkVjakI2bzZ3enF2c0tkR1g1c2ltQUlFNkZ2cnBFaTN6Nm4rL29KYU02dm9RS3VPc1Q0R0prU2k3bWtYNkx2TEFvcjIyWkdkaUdLQ1p5dURrSm8yR0k0MWdjRVUwYmtLb1hWemZ6Zjl1OEp3WnBhMkIyaWR3NC84QT09OjplE2vfTZDGFmJtaB/m3f3N', '2020-11-30 10:53:30', 0),
	(69, 64, 172, 'aU1ncTc5aVQ3b3VGL2xjWTlJSUs2bTVvbFpMV0p4OERONHJiMllROHpnS05uVjJ4Tm1tdEl2aVpFaWJwUjBseGptM205WnM3UXdVVjVZc0lFdS9wT0M5d0xnQkFQYzVtUHROQXRUaG1ISlFhZzBQWXlGcGRXN0grSjdteVBhc2p3MERGV0ZzKzNKNUFmSXg2bmlxQUFoZGFJWVhYSFFCaXVXMDB4QlM4MVdqdXVFeVRNblBvNHh2RWxzZTh3ejFQSXRRVVNlRmdyUjFjcVNoRXBwR252SGsrVjE0S3VMN1picHNJV3phWWFQcGtVYm5zR3JMalRQeGhFUEJyODIwR3psZGxaaEJtNjl6UDJOa2FKQ3dMM0lOL3M4Rm5CNk5MVURHOFQ1MS9ITTVQTjhNT1FJZTNCOTQ3TnFhQ0I4SHJ4WmVoRXovcFlCUmFTN2NoYWIzYUR5V0I5QVZpQ3g4MzRlWWNhRlBjT3pacWNTVVVuc0ZTZndQR0txSnpMSGo3MzY2T0JkbmhITVVKM2Z1dkIyb0Y5N1NWWTlnMld1ZlZzUlExVVpLdnRLRHE0b0x3UFllWjhHVTNkck14cXNVSTo6H458vAeqjTZ+Hbepuulg4w==', '2020-11-30 10:54:15', 0),
	(75, 55, 101, 'VGNlK1BNNUVyMnFSY3kzQXhBUERuUEx3bnByK1ZLc0FHeHVFa2NzTWVvSjRlUnFqVTh0bmxQbitVTkRFSFowY3UzYTd2N1laVkRIUVFOdTdvQmNqODJUazN2eUlQMEVNdGYvZlQ2alBmTEpOajh2TTI1MnhFWmlxbnRvYXlmMFVTZ2pua1hXRXNxTmhSVThKdnNHSi8xbXk2eXY5V3puUXlZS2tpTjlNdk5jZzlPU09WaE05QUQ0ajNOSGpUamhhV1pPdFA4OEt1L3dMQzU1aXlPZXB1eDFlTXJERVJUZGw1UjdDODNuS0JxbmVZY0RNMk9abnd3bHFOcmJyRHFwVjo6MTEn/zQBYzhuKBKXnKVghQ==', '2020-12-03 18:05:40', 0),
	(76, 60, 21, 'eGROUFJrNWpXanE1Ykl4aXdOS3VEdjhUdkVSSGhrcXYyMEcvbndxUVJyTWNEbEdJeVM4Z25RVWpoMkVuRityRzNRTGNCZnZJTmplM2NpL0NPRTFaMWlpYkdiQiswblcwQVRpWVBPRDBRMjN3Q1I3ZnRubjNzMGo4NDE0YlVnczA6OpZ3aVnqkNnjvzquZtFESIA=', '2020-12-03 18:59:37', 0),
	(77, 52, 1, 'dU14a1R6RTNMOEN0SnR0eHY3VFVwWEJZUHR4WHFuSkNKcGozYlR5UGVRdkxwSVMwTWxzMDNNbGxmMklHRjRvUC9JNDZUVTl1blNJNlhhUG50L1MxNVB5ZmRBQWRQOERBRTlqMDNVOCtYczJNZE1kRmpBTHVxNkI4YjhiaXZIVC9mQUgvcmVlOUdBczJuUFlTRlppMkV5emVvZXp2dm9HSU5TbS9HZnNqOWJIUmVLa0lEQTNwRmVCQWoyUW1ZV2N5bkdZQVhCWnladldSZW5LeU51d3BHRFpJdXBON0p0c3Fnb2JKU29FZVExbWNXamkvRDVYY0tPY2UzN1g1NGxGRVpETWthWlVkNmdSSXpnU3g3ZFpyM1JBQUNwMmpUdVVIN2VncXlwaGRTUFZrb3k1ZGRVa0lPZjFoaTdkOXFkVUs4M1F5SFc3K2hPTU9ERXBKQkUxdCthM3dZWktCNjNxT29Qc0hWT0xmQUxjeE5OMjV0L1AyckRtaEZTbit4Q3BBNzhDVW1YYjQyemdvSkljaWEvd2xtNHE3Q0hiT1JabjgrVGk0VXQyQnN1bW90MFBwVVZBZ2RKcXRQS0tvT0NRU2xTenpsbzFRaVQ0UnlmUTRqWXBQd1lwc1d4ekV4aXJQSUtiOURmRGFkdjc3b2poZ2dZcWNRQnhtY0dQK1RmK0tBL3B2aG5ieGpYSlVQZGpibUxBQzRKaVUxNDZ1Z0RCQkdGZkdXdDZQSEd0RUE5MjRiQVJndDFqMHJJUm0yWmo5dS9sU2R4ZVcvTE80TzlucWlwUlkvZFBCM3haZ1JPL0NSYjdqRVVFN2xpVU9qTDVmajFaUENIZ0EwZ05zdkN0VEtQUlBJczMyUTFSQXZpaWxFNXBxRFVVVzN6SWV6bjBJRThYbnRhNjlGUDlxYUszWlRySXpNcHdsZzFzM0ppZCs5V1JiZEZPVk5RVE1memVrZUtURHBkMStqbmNwMCtMSGUrS0tkMmxwZEIxSUF3eFd6SGNydjBocFk0V3UyK3BZZk1WSFBGdTlrd1lOV1VuZlZBKzlRS014K0FCVGdnU1VWbTV2MWhLZGszejVWZTBUaFNjU3d5YkZZL2wyZDVRbHVoM2xwdU15U1BqdzJVUWE4YW5QMVlPSWZjV25ZK2xHQU9nc3QxeXhkRGR3Mng1OEV5RTUyaUNJRTF4VW4zdUpmcmRqSHNUSEIzcWN4cUtvV2p1YXFDcjk5bHBxZXlUVTBacVVKSnBScHVuSFVJNS9vRTRGTTEySFBNdHFIOFQ0OTI3ZHVjdmd4akRRQXZRRkRwNE9TMUd3M2tGaTdOVUtXUmNuOUxULyt6eDlhRk0vME9nZGt6MEg5UTZyRmRxMTQ2UTBZM1A4TEtuQ3pZU25YRnh0eWphcUYwbmpzRUpOVFgwWlZ5SnU1VGFNZUU5dUNoMjZqYkxwYnpLZTFIQitsVTNJaXQ3a3lxU0Foa1M0OE4wTm91RllpR3drWDBRQ29EMzlIUEpyUkQvWWdBeXB6MlNBbXo4OFFCWW1ZR05rSU5lMUF3SnlZdEY0dXh1WTlTN3FSUFMwa2xzUjVzMTloS3VwOUYvZElYQT06OlvMMNatu4XZ3CLJiC9nmow=', '2020-12-10 17:09:13', 1);
/*!40000 ALTER TABLE `chat_topic` ENABLE KEYS */;

-- Dumping structure for table interna5_dbcommu.chat_topic_category
CREATE TABLE IF NOT EXISTS `chat_topic_category` (
  `id_category` int(11) NOT NULL AUTO_INCREMENT,
  `category_name` varchar(255) DEFAULT NULL,
  PRIMARY KEY (`id_category`)
) ENGINE=InnoDB AUTO_INCREMENT=17 DEFAULT CHARSET=utf8;

-- Dumping data for table interna5_dbcommu.chat_topic_category: ~10 rows (approximately)
/*!40000 ALTER TABLE `chat_topic_category` DISABLE KEYS */;
INSERT INTO `chat_topic_category` (`id_category`, `category_name`) VALUES
	(7, 'CRUSCOTTO DI CONTROLLO'),
	(8, 'FINANZA AGEVOLATA'),
	(9, 'FINANZIAMENTI BANCARI'),
	(10, 'PROGETTO PROSPECTING'),
	(11, 'FORMAZIONE PERSONALE E COACHING'),
	(12, 'CRISI E RISANAMENTO D\'IMPRESA'),
	(13, 'WEB MARKETING E COMUNICAZIONE'),
	(14, 'CAZZEGGIO'),
	(15, 'FINANZA ALTERNATIVA'),
	(16, 'DOMANDE E RICHIESTE VARIE ');
/*!40000 ALTER TABLE `chat_topic_category` ENABLE KEYS */;

-- Dumping structure for table interna5_dbcommu.chat_topic_members
CREATE TABLE IF NOT EXISTS `chat_topic_members` (
  `topic_members_id` int(11) NOT NULL AUTO_INCREMENT,
  `topic_id` int(11) DEFAULT NULL,
  `user_id` int(11) DEFAULT NULL,
  PRIMARY KEY (`topic_members_id`),
  KEY `FK_chat_topic_members_chat_topic_name` (`topic_id`),
  KEY `FK_chat_topic_members_user` (`user_id`),
  CONSTRAINT `FK_chat_topic_members_chat_topic_name` FOREIGN KEY (`topic_id`) REFERENCES `chat_topic_name` (`topic_id`),
  CONSTRAINT `FK_chat_topic_members_user` FOREIGN KEY (`user_id`) REFERENCES `user` (`user_id`)
) ENGINE=InnoDB AUTO_INCREMENT=3652 DEFAULT CHARSET=utf8;

-- Dumping data for table interna5_dbcommu.chat_topic_members: ~2,198 rows (approximately)
/*!40000 ALTER TABLE `chat_topic_members` DISABLE KEYS */;
INSERT INTO `chat_topic_members` (`topic_members_id`, `topic_id`, `user_id`) VALUES
	(65, 43, 2),
	(66, 43, 1),
	(69, 45, 1),
	(70, 45, 169),
	(71, 45, 204),
	(72, 45, 215),
	(73, 45, 69),
	(74, 45, 113),
	(75, 45, 221),
	(76, 45, 183),
	(77, 45, 228),
	(78, 45, 145),
	(79, 45, 74),
	(80, 45, 2),
	(81, 45, 96),
	(82, 45, 196),
	(83, 45, 251),
	(84, 45, 238),
	(86, 45, 191),
	(87, 45, 185),
	(88, 45, 92),
	(89, 45, 245),
	(90, 45, 126),
	(91, 45, 22),
	(92, 45, 172),
	(93, 45, 102),
	(94, 45, 122),
	(95, 45, 109),
	(96, 45, 125),
	(97, 45, 23),
	(98, 45, 178),
	(99, 45, 79),
	(100, 45, 206),
	(101, 45, 252),
	(102, 45, 244),
	(103, 45, 242),
	(104, 45, 25),
	(106, 45, 93),
	(107, 45, 31),
	(108, 45, 224),
	(109, 45, 32),
	(110, 45, 197),
	(111, 45, 150),
	(113, 45, 33),
	(114, 45, 34),
	(115, 45, 208),
	(116, 45, 235),
	(117, 45, 214),
	(119, 45, 36),
	(120, 45, 234),
	(121, 45, 30),
	(122, 45, 41),
	(123, 45, 165),
	(124, 45, 98),
	(125, 45, 143),
	(126, 45, 104),
	(127, 45, 223),
	(128, 45, 156),
	(129, 45, 24),
	(130, 45, 239),
	(131, 45, 123),
	(132, 45, 57),
	(133, 45, 83),
	(134, 45, 128),
	(135, 45, 198),
	(136, 45, 243),
	(137, 45, 37),
	(138, 45, 91),
	(139, 45, 133),
	(140, 45, 132),
	(141, 45, 233),
	(142, 45, 116),
	(143, 45, 153),
	(144, 45, 190),
	(145, 45, 200),
	(146, 45, 240),
	(148, 45, 136),
	(149, 45, 105),
	(150, 45, 207),
	(151, 45, 70),
	(152, 45, 55),
	(153, 45, 157),
	(154, 45, 227),
	(155, 45, 44),
	(156, 45, 88),
	(157, 45, 146),
	(158, 45, 127),
	(159, 45, 27),
	(161, 45, 182),
	(162, 45, 60),
	(163, 45, 111),
	(164, 45, 217),
	(165, 45, 149),
	(166, 45, 29),
	(167, 45, 119),
	(168, 45, 129),
	(169, 45, 134),
	(170, 45, 62),
	(171, 45, 65),
	(172, 45, 54),
	(173, 45, 99),
	(174, 45, 107),
	(175, 45, 53),
	(176, 45, 49),
	(177, 45, 76),
	(178, 45, 72),
	(179, 45, 135),
	(180, 45, 61),
	(181, 45, 40),
	(182, 45, 59),
	(183, 45, 67),
	(185, 45, 158),
	(186, 45, 246),
	(187, 45, 47),
	(188, 45, 226),
	(189, 45, 26),
	(190, 45, 164),
	(191, 45, 106),
	(192, 45, 189),
	(193, 45, 21),
	(194, 45, 230),
	(195, 45, 147),
	(196, 45, 78),
	(198, 45, 80),
	(199, 45, 248),
	(200, 45, 68),
	(201, 45, 77),
	(202, 45, 103),
	(203, 45, 236),
	(204, 45, 56),
	(205, 45, 148),
	(206, 45, 110),
	(207, 45, 28),
	(208, 45, 231),
	(209, 45, 42),
	(210, 45, 121),
	(211, 45, 152),
	(212, 45, 202),
	(213, 45, 118),
	(215, 45, 117),
	(216, 45, 144),
	(217, 45, 166),
	(219, 45, 201),
	(220, 45, 203),
	(221, 45, 199),
	(222, 45, 175),
	(223, 45, 159),
	(224, 45, 89),
	(225, 45, 222),
	(226, 45, 86),
	(228, 45, 130),
	(229, 45, 232),
	(230, 45, 124),
	(231, 45, 187),
	(232, 45, 97),
	(233, 45, 225),
	(234, 45, 155),
	(235, 45, 90),
	(236, 45, 101),
	(237, 45, 38),
	(238, 45, 213),
	(239, 45, 177),
	(240, 45, 82),
	(242, 45, 171),
	(243, 45, 209),
	(244, 45, 212),
	(245, 45, 108),
	(246, 45, 167),
	(247, 45, 220),
	(248, 45, 63),
	(249, 45, 75),
	(250, 45, 115),
	(251, 45, 43),
	(252, 45, 142),
	(253, 45, 219),
	(254, 45, 85),
	(255, 45, 120),
	(256, 45, 52),
	(257, 45, 176),
	(258, 45, 254),
	(259, 45, 87),
	(260, 45, 73),
	(261, 45, 64),
	(262, 45, 114),
	(263, 45, 94),
	(264, 45, 131),
	(265, 45, 161),
	(266, 45, 160),
	(268, 45, 168),
	(269, 45, 141),
	(270, 45, 205),
	(271, 45, 35),
	(272, 45, 51),
	(273, 45, 139),
	(274, 45, 229),
	(276, 45, 174),
	(277, 45, 95),
	(278, 45, 81),
	(279, 45, 66),
	(280, 45, 39),
	(281, 45, 151),
	(282, 45, 247),
	(283, 45, 181),
	(284, 45, 45),
	(285, 45, 211),
	(286, 45, 48),
	(287, 45, 173),
	(288, 45, 71),
	(289, 45, 100),
	(290, 45, 112),
	(291, 45, 154),
	(293, 45, 58),
	(294, 45, 140),
	(295, 45, 137),
	(296, 45, 184),
	(297, 45, 186),
	(298, 45, 210),
	(529, 47, 1),
	(530, 47, 169),
	(531, 47, 204),
	(532, 47, 215),
	(533, 47, 69),
	(534, 47, 113),
	(535, 47, 221),
	(536, 47, 166),
	(537, 47, 183),
	(538, 47, 228),
	(539, 47, 2),
	(540, 47, 145),
	(541, 47, 74),
	(542, 47, 96),
	(543, 47, 196),
	(544, 47, 251),
	(545, 47, 238),
	(546, 47, 191),
	(547, 47, 185),
	(548, 47, 92),
	(549, 47, 245),
	(550, 47, 126),
	(551, 47, 22),
	(552, 47, 172),
	(553, 47, 102),
	(554, 47, 122),
	(555, 47, 109),
	(556, 47, 125),
	(557, 47, 23),
	(558, 47, 178),
	(559, 47, 79),
	(560, 47, 206),
	(561, 47, 252),
	(562, 47, 244),
	(563, 47, 242),
	(564, 47, 25),
	(565, 47, 93),
	(566, 47, 31),
	(567, 47, 224),
	(568, 47, 32),
	(569, 47, 150),
	(570, 47, 194),
	(571, 47, 33),
	(572, 47, 34),
	(573, 47, 208),
	(574, 47, 235),
	(575, 47, 214),
	(576, 47, 36),
	(577, 47, 234),
	(578, 47, 30),
	(579, 47, 41),
	(580, 47, 165),
	(581, 47, 98),
	(582, 47, 143),
	(583, 47, 104),
	(584, 47, 223),
	(585, 47, 156),
	(586, 47, 24),
	(587, 47, 239),
	(588, 47, 123),
	(589, 47, 57),
	(590, 47, 83),
	(591, 47, 128),
	(592, 47, 198),
	(593, 47, 243),
	(594, 47, 37),
	(595, 47, 91),
	(596, 47, 133),
	(597, 47, 132),
	(598, 47, 200),
	(599, 47, 233),
	(600, 47, 116),
	(601, 47, 153),
	(602, 47, 190),
	(603, 47, 240),
	(604, 47, 136),
	(605, 47, 105),
	(606, 47, 207),
	(607, 47, 70),
	(608, 47, 55),
	(609, 47, 157),
	(610, 47, 227),
	(611, 47, 44),
	(612, 47, 88),
	(613, 47, 146),
	(614, 47, 127),
	(615, 47, 27),
	(617, 47, 182),
	(618, 47, 60),
	(619, 47, 111),
	(620, 47, 217),
	(621, 47, 149),
	(622, 47, 29),
	(623, 47, 119),
	(624, 47, 129),
	(625, 47, 134),
	(626, 47, 62),
	(627, 47, 65),
	(628, 47, 54),
	(629, 47, 99),
	(630, 47, 107),
	(631, 47, 53),
	(632, 47, 49),
	(633, 47, 76),
	(634, 47, 72),
	(635, 47, 135),
	(636, 47, 61),
	(637, 47, 40),
	(638, 47, 59),
	(639, 47, 67),
	(641, 47, 158),
	(642, 47, 246),
	(643, 47, 47),
	(644, 47, 226),
	(645, 47, 26),
	(646, 47, 164),
	(647, 47, 106),
	(648, 47, 189),
	(649, 47, 21),
	(650, 47, 230),
	(651, 47, 147),
	(652, 47, 78),
	(653, 47, 80),
	(654, 47, 248),
	(655, 47, 68),
	(656, 47, 77),
	(657, 47, 103),
	(658, 47, 236),
	(659, 47, 56),
	(660, 47, 148),
	(661, 47, 110),
	(662, 47, 28),
	(663, 47, 231),
	(664, 47, 42),
	(665, 47, 121),
	(666, 47, 152),
	(667, 47, 202),
	(668, 47, 118),
	(669, 47, 192),
	(670, 47, 117),
	(671, 47, 144),
	(673, 47, 201),
	(674, 47, 203),
	(675, 47, 199),
	(676, 47, 175),
	(677, 47, 159),
	(678, 47, 89),
	(679, 47, 222),
	(680, 47, 86),
	(681, 47, 130),
	(682, 47, 232),
	(683, 47, 124),
	(684, 47, 187),
	(685, 47, 97),
	(686, 47, 225),
	(687, 47, 155),
	(688, 47, 90),
	(689, 47, 101),
	(690, 47, 38),
	(691, 47, 213),
	(692, 47, 177),
	(693, 47, 82),
	(694, 47, 171),
	(695, 47, 209),
	(696, 47, 212),
	(697, 47, 108),
	(698, 47, 167),
	(699, 47, 220),
	(700, 47, 63),
	(701, 47, 75),
	(702, 47, 115),
	(703, 47, 43),
	(704, 47, 142),
	(705, 47, 219),
	(706, 47, 85),
	(707, 47, 120),
	(708, 47, 52),
	(709, 47, 176),
	(710, 47, 254),
	(711, 47, 87),
	(712, 47, 73),
	(713, 47, 64),
	(714, 47, 114),
	(715, 47, 94),
	(716, 47, 131),
	(717, 47, 161),
	(718, 47, 160),
	(719, 47, 197),
	(720, 47, 168),
	(721, 47, 141),
	(722, 47, 205),
	(723, 47, 35),
	(724, 47, 51),
	(725, 47, 139),
	(726, 47, 229),
	(727, 47, 174),
	(728, 47, 95),
	(729, 47, 81),
	(730, 47, 66),
	(731, 47, 39),
	(732, 47, 151),
	(733, 47, 247),
	(734, 47, 181),
	(735, 47, 45),
	(736, 47, 211),
	(737, 47, 48),
	(738, 47, 173),
	(739, 47, 71),
	(740, 47, 100),
	(741, 47, 112),
	(742, 47, 154),
	(743, 47, 58),
	(744, 47, 140),
	(745, 47, 137),
	(746, 47, 184),
	(747, 47, 186),
	(748, 47, 210),
	(973, 51, 1),
	(974, 51, 169),
	(975, 51, 204),
	(976, 51, 215),
	(977, 51, 69),
	(978, 51, 113),
	(979, 51, 221),
	(980, 51, 166),
	(981, 51, 256),
	(982, 51, 183),
	(983, 51, 228),
	(984, 51, 2),
	(985, 51, 145),
	(986, 51, 74),
	(987, 51, 96),
	(988, 51, 196),
	(989, 51, 251),
	(990, 51, 238),
	(991, 51, 191),
	(992, 51, 185),
	(993, 51, 92),
	(994, 51, 245),
	(995, 51, 126),
	(996, 51, 22),
	(997, 51, 172),
	(998, 51, 102),
	(999, 51, 122),
	(1000, 51, 109),
	(1001, 51, 125),
	(1002, 51, 23),
	(1003, 51, 178),
	(1004, 51, 79),
	(1005, 51, 206),
	(1006, 51, 252),
	(1007, 51, 244),
	(1008, 51, 242),
	(1009, 51, 25),
	(1010, 51, 93),
	(1011, 51, 31),
	(1012, 51, 224),
	(1013, 51, 32),
	(1014, 51, 150),
	(1015, 51, 194),
	(1016, 51, 33),
	(1017, 51, 34),
	(1018, 51, 208),
	(1019, 51, 235),
	(1020, 51, 214),
	(1021, 51, 36),
	(1022, 51, 234),
	(1023, 51, 30),
	(1024, 51, 41),
	(1025, 51, 165),
	(1026, 51, 98),
	(1027, 51, 143),
	(1028, 51, 104),
	(1029, 51, 223),
	(1030, 51, 156),
	(1031, 51, 24),
	(1032, 51, 239),
	(1033, 51, 123),
	(1034, 51, 57),
	(1035, 51, 83),
	(1036, 51, 128),
	(1037, 51, 198),
	(1038, 51, 243),
	(1039, 51, 37),
	(1040, 51, 91),
	(1041, 51, 133),
	(1042, 51, 132),
	(1043, 51, 200),
	(1044, 51, 233),
	(1045, 51, 116),
	(1046, 51, 153),
	(1047, 51, 190),
	(1048, 51, 240),
	(1049, 51, 136),
	(1050, 51, 105),
	(1051, 51, 207),
	(1052, 51, 70),
	(1053, 51, 55),
	(1054, 51, 157),
	(1055, 51, 227),
	(1056, 51, 44),
	(1057, 51, 88),
	(1058, 51, 146),
	(1059, 51, 127),
	(1060, 51, 27),
	(1062, 51, 182),
	(1063, 51, 60),
	(1064, 51, 111),
	(1065, 51, 217),
	(1066, 51, 149),
	(1067, 51, 29),
	(1068, 51, 119),
	(1069, 51, 129),
	(1070, 51, 134),
	(1071, 51, 62),
	(1072, 51, 65),
	(1073, 51, 54),
	(1074, 51, 99),
	(1075, 51, 107),
	(1076, 51, 53),
	(1077, 51, 49),
	(1078, 51, 76),
	(1079, 51, 72),
	(1080, 51, 135),
	(1081, 51, 61),
	(1082, 51, 40),
	(1083, 51, 59),
	(1084, 51, 67),
	(1086, 51, 158),
	(1087, 51, 246),
	(1088, 51, 47),
	(1089, 51, 226),
	(1090, 51, 26),
	(1091, 51, 164),
	(1092, 51, 106),
	(1093, 51, 189),
	(1094, 51, 21),
	(1095, 51, 230),
	(1096, 51, 147),
	(1097, 51, 78),
	(1098, 51, 80),
	(1099, 51, 248),
	(1100, 51, 68),
	(1101, 51, 77),
	(1102, 51, 103),
	(1103, 51, 236),
	(1104, 51, 56),
	(1105, 51, 148),
	(1106, 51, 110),
	(1107, 51, 28),
	(1108, 51, 231),
	(1109, 51, 42),
	(1110, 51, 121),
	(1111, 51, 152),
	(1112, 51, 202),
	(1113, 51, 118),
	(1114, 51, 192),
	(1115, 51, 117),
	(1116, 51, 144),
	(1118, 51, 201),
	(1119, 51, 203),
	(1120, 51, 199),
	(1121, 51, 175),
	(1122, 51, 159),
	(1123, 51, 89),
	(1124, 51, 222),
	(1125, 51, 86),
	(1126, 51, 130),
	(1127, 51, 232),
	(1128, 51, 124),
	(1129, 51, 187),
	(1130, 51, 97),
	(1131, 51, 225),
	(1132, 51, 155),
	(1133, 51, 90),
	(1134, 51, 101),
	(1135, 51, 38),
	(1136, 51, 213),
	(1137, 51, 177),
	(1138, 51, 82),
	(1139, 51, 171),
	(1140, 51, 209),
	(1141, 51, 212),
	(1142, 51, 108),
	(1143, 51, 167),
	(1144, 51, 220),
	(1145, 51, 63),
	(1146, 51, 75),
	(1147, 51, 115),
	(1148, 51, 43),
	(1149, 51, 142),
	(1150, 51, 219),
	(1151, 51, 85),
	(1152, 51, 120),
	(1153, 51, 52),
	(1154, 51, 176),
	(1155, 51, 254),
	(1156, 51, 87),
	(1157, 51, 73),
	(1158, 51, 64),
	(1159, 51, 114),
	(1160, 51, 94),
	(1161, 51, 131),
	(1162, 51, 161),
	(1163, 51, 160),
	(1164, 51, 197),
	(1165, 51, 168),
	(1166, 51, 141),
	(1167, 51, 205),
	(1168, 51, 35),
	(1169, 51, 51),
	(1170, 51, 139),
	(1171, 51, 229),
	(1172, 51, 174),
	(1173, 51, 95),
	(1174, 51, 81),
	(1175, 51, 66),
	(1176, 51, 39),
	(1177, 51, 151),
	(1178, 51, 247),
	(1179, 51, 181),
	(1180, 51, 45),
	(1181, 51, 211),
	(1182, 51, 48),
	(1183, 51, 173),
	(1184, 51, 71),
	(1185, 51, 100),
	(1186, 51, 112),
	(1187, 51, 154),
	(1188, 51, 58),
	(1189, 51, 140),
	(1190, 51, 137),
	(1191, 51, 184),
	(1192, 51, 186),
	(1193, 51, 210),
	(1194, 52, 1),
	(1195, 52, 169),
	(1196, 52, 204),
	(1197, 52, 215),
	(1198, 52, 69),
	(1199, 52, 113),
	(1200, 52, 221),
	(1201, 52, 166),
	(1202, 52, 256),
	(1203, 52, 183),
	(1204, 52, 228),
	(1205, 52, 2),
	(1206, 52, 145),
	(1207, 52, 74),
	(1208, 52, 96),
	(1209, 52, 196),
	(1210, 52, 251),
	(1211, 52, 238),
	(1212, 52, 191),
	(1213, 52, 185),
	(1214, 52, 92),
	(1215, 52, 245),
	(1216, 52, 126),
	(1217, 52, 22),
	(1218, 52, 172),
	(1219, 52, 102),
	(1220, 52, 122),
	(1221, 52, 109),
	(1222, 52, 125),
	(1223, 52, 23),
	(1224, 52, 178),
	(1225, 52, 79),
	(1226, 52, 206),
	(1227, 52, 252),
	(1228, 52, 244),
	(1229, 52, 242),
	(1230, 52, 25),
	(1231, 52, 93),
	(1232, 52, 31),
	(1233, 52, 224),
	(1234, 52, 32),
	(1235, 52, 150),
	(1236, 52, 194),
	(1237, 52, 33),
	(1238, 52, 34),
	(1239, 52, 208),
	(1240, 52, 235),
	(1241, 52, 214),
	(1242, 52, 36),
	(1243, 52, 234),
	(1244, 52, 30),
	(1245, 52, 41),
	(1246, 52, 165),
	(1247, 52, 98),
	(1248, 52, 143),
	(1249, 52, 104),
	(1250, 52, 223),
	(1251, 52, 156),
	(1252, 52, 24),
	(1253, 52, 239),
	(1254, 52, 123),
	(1255, 52, 57),
	(1256, 52, 83),
	(1257, 52, 128),
	(1258, 52, 198),
	(1259, 52, 243),
	(1260, 52, 37),
	(1261, 52, 91),
	(1262, 52, 133),
	(1263, 52, 132),
	(1264, 52, 200),
	(1265, 52, 233),
	(1266, 52, 116),
	(1267, 52, 153),
	(1268, 52, 190),
	(1269, 52, 240),
	(1270, 52, 136),
	(1271, 52, 105),
	(1272, 52, 207),
	(1273, 52, 70),
	(1274, 52, 55),
	(1275, 52, 157),
	(1276, 52, 227),
	(1277, 52, 44),
	(1278, 52, 88),
	(1279, 52, 146),
	(1280, 52, 127),
	(1281, 52, 27),
	(1283, 52, 182),
	(1284, 52, 60),
	(1285, 52, 111),
	(1286, 52, 217),
	(1287, 52, 149),
	(1288, 52, 29),
	(1289, 52, 119),
	(1290, 52, 129),
	(1291, 52, 134),
	(1292, 52, 62),
	(1293, 52, 65),
	(1294, 52, 54),
	(1295, 52, 99),
	(1296, 52, 107),
	(1297, 52, 53),
	(1298, 52, 49),
	(1299, 52, 76),
	(1300, 52, 72),
	(1301, 52, 135),
	(1302, 52, 61),
	(1303, 52, 40),
	(1304, 52, 59),
	(1305, 52, 67),
	(1307, 52, 158),
	(1308, 52, 246),
	(1309, 52, 47),
	(1310, 52, 226),
	(1311, 52, 26),
	(1312, 52, 164),
	(1313, 52, 106),
	(1314, 52, 189),
	(1315, 52, 21),
	(1316, 52, 230),
	(1317, 52, 147),
	(1318, 52, 78),
	(1319, 52, 80),
	(1320, 52, 248),
	(1321, 52, 68),
	(1322, 52, 77),
	(1323, 52, 103),
	(1324, 52, 236),
	(1325, 52, 56),
	(1326, 52, 148),
	(1327, 52, 110),
	(1328, 52, 28),
	(1329, 52, 231),
	(1330, 52, 42),
	(1331, 52, 121),
	(1332, 52, 152),
	(1333, 52, 202),
	(1334, 52, 118),
	(1335, 52, 192),
	(1336, 52, 117),
	(1337, 52, 144),
	(1339, 52, 201),
	(1340, 52, 203),
	(1341, 52, 199),
	(1342, 52, 175),
	(1343, 52, 159),
	(1344, 52, 89),
	(1345, 52, 222),
	(1346, 52, 86),
	(1347, 52, 130),
	(1348, 52, 232),
	(1349, 52, 124),
	(1350, 52, 187),
	(1351, 52, 97),
	(1352, 52, 225),
	(1353, 52, 155),
	(1354, 52, 90),
	(1355, 52, 101),
	(1356, 52, 38),
	(1357, 52, 213),
	(1358, 52, 177),
	(1359, 52, 82),
	(1360, 52, 171),
	(1361, 52, 209),
	(1362, 52, 212),
	(1363, 52, 108),
	(1364, 52, 167),
	(1365, 52, 220),
	(1366, 52, 63),
	(1367, 52, 75),
	(1368, 52, 115),
	(1369, 52, 43),
	(1370, 52, 142),
	(1371, 52, 219),
	(1372, 52, 85),
	(1373, 52, 120),
	(1374, 52, 52),
	(1375, 52, 176),
	(1376, 52, 254),
	(1377, 52, 87),
	(1378, 52, 73),
	(1379, 52, 64),
	(1380, 52, 114),
	(1381, 52, 94),
	(1382, 52, 131),
	(1383, 52, 161),
	(1384, 52, 160),
	(1385, 52, 197),
	(1386, 52, 168),
	(1387, 52, 141),
	(1388, 52, 205),
	(1389, 52, 35),
	(1390, 52, 51),
	(1391, 52, 139),
	(1392, 52, 229),
	(1393, 52, 174),
	(1394, 52, 95),
	(1395, 52, 81),
	(1396, 52, 66),
	(1397, 52, 39),
	(1398, 52, 151),
	(1399, 52, 247),
	(1400, 52, 181),
	(1401, 52, 45),
	(1402, 52, 211),
	(1403, 52, 48),
	(1404, 52, 173),
	(1405, 52, 71),
	(1406, 52, 100),
	(1407, 52, 112),
	(1408, 52, 154),
	(1409, 52, 58),
	(1410, 52, 140),
	(1411, 52, 137),
	(1412, 52, 184),
	(1413, 52, 186),
	(1414, 52, 210),
	(1415, 53, 1),
	(1416, 53, 169),
	(1417, 53, 204),
	(1418, 53, 215),
	(1419, 53, 69),
	(1420, 53, 113),
	(1421, 53, 221),
	(1422, 53, 166),
	(1423, 53, 256),
	(1424, 53, 183),
	(1425, 53, 228),
	(1426, 53, 2),
	(1427, 53, 145),
	(1428, 53, 74),
	(1429, 53, 96),
	(1430, 53, 196),
	(1431, 53, 251),
	(1432, 53, 238),
	(1433, 53, 191),
	(1434, 53, 185),
	(1435, 53, 92),
	(1436, 53, 245),
	(1437, 53, 126),
	(1438, 53, 22),
	(1439, 53, 172),
	(1440, 53, 102),
	(1441, 53, 122),
	(1442, 53, 109),
	(1443, 53, 125),
	(1444, 53, 23),
	(1445, 53, 178),
	(1446, 53, 79),
	(1447, 53, 206),
	(1448, 53, 252),
	(1449, 53, 244),
	(1450, 53, 242),
	(1451, 53, 25),
	(1452, 53, 93),
	(1453, 53, 31),
	(1454, 53, 224),
	(1455, 53, 32),
	(1456, 53, 150),
	(1457, 53, 194),
	(1458, 53, 33),
	(1459, 53, 34),
	(1460, 53, 208),
	(1461, 53, 235),
	(1462, 53, 214),
	(1463, 53, 36),
	(1464, 53, 234),
	(1465, 53, 30),
	(1466, 53, 41),
	(1467, 53, 165),
	(1468, 53, 98),
	(1469, 53, 143),
	(1470, 53, 104),
	(1471, 53, 223),
	(1472, 53, 156),
	(1473, 53, 24),
	(1474, 53, 239),
	(1475, 53, 123),
	(1476, 53, 57),
	(1477, 53, 83),
	(1478, 53, 128),
	(1479, 53, 198),
	(1480, 53, 243),
	(1481, 53, 37),
	(1482, 53, 91),
	(1483, 53, 133),
	(1484, 53, 132),
	(1485, 53, 200),
	(1486, 53, 233),
	(1487, 53, 116),
	(1488, 53, 153),
	(1489, 53, 190),
	(1490, 53, 240),
	(1491, 53, 136),
	(1492, 53, 105),
	(1493, 53, 207),
	(1494, 53, 70),
	(1495, 53, 55),
	(1496, 53, 157),
	(1497, 53, 227),
	(1498, 53, 44),
	(1499, 53, 88),
	(1500, 53, 146),
	(1501, 53, 127),
	(1502, 53, 27),
	(1504, 53, 182),
	(1505, 53, 60),
	(1506, 53, 111),
	(1507, 53, 217),
	(1508, 53, 149),
	(1509, 53, 29),
	(1510, 53, 119),
	(1511, 53, 129),
	(1512, 53, 134),
	(1513, 53, 62),
	(1514, 53, 65),
	(1515, 53, 54),
	(1516, 53, 99),
	(1517, 53, 107),
	(1518, 53, 53),
	(1519, 53, 49),
	(1520, 53, 76),
	(1521, 53, 72),
	(1522, 53, 135),
	(1523, 53, 61),
	(1524, 53, 40),
	(1525, 53, 59),
	(1526, 53, 67),
	(1528, 53, 158),
	(1529, 53, 246),
	(1530, 53, 47),
	(1531, 53, 226),
	(1532, 53, 26),
	(1533, 53, 164),
	(1534, 53, 106),
	(1535, 53, 189),
	(1536, 53, 21),
	(1537, 53, 230),
	(1538, 53, 147),
	(1539, 53, 78),
	(1540, 53, 80),
	(1541, 53, 248),
	(1542, 53, 68),
	(1543, 53, 77),
	(1544, 53, 103),
	(1545, 53, 236),
	(1546, 53, 56),
	(1547, 53, 148),
	(1548, 53, 110),
	(1549, 53, 28),
	(1550, 53, 231),
	(1551, 53, 42),
	(1552, 53, 121),
	(1553, 53, 152),
	(1554, 53, 202),
	(1555, 53, 118),
	(1556, 53, 192),
	(1557, 53, 117),
	(1558, 53, 144),
	(1560, 53, 201),
	(1561, 53, 203),
	(1562, 53, 199),
	(1563, 53, 175),
	(1564, 53, 159),
	(1565, 53, 89),
	(1566, 53, 222),
	(1567, 53, 86),
	(1568, 53, 130),
	(1569, 53, 232),
	(1570, 53, 124),
	(1571, 53, 187),
	(1572, 53, 97),
	(1573, 53, 225),
	(1574, 53, 155),
	(1575, 53, 90),
	(1576, 53, 101),
	(1577, 53, 38),
	(1578, 53, 213),
	(1579, 53, 177),
	(1580, 53, 82),
	(1581, 53, 171),
	(1582, 53, 209),
	(1583, 53, 212),
	(1584, 53, 108),
	(1585, 53, 167),
	(1586, 53, 220),
	(1587, 53, 63),
	(1588, 53, 75),
	(1589, 53, 115),
	(1590, 53, 43),
	(1591, 53, 142),
	(1592, 53, 219),
	(1593, 53, 85),
	(1594, 53, 120),
	(1595, 53, 52),
	(1596, 53, 176),
	(1597, 53, 254),
	(1598, 53, 87),
	(1599, 53, 73),
	(1600, 53, 64),
	(1601, 53, 114),
	(1602, 53, 94),
	(1603, 53, 131),
	(1604, 53, 161),
	(1605, 53, 160),
	(1606, 53, 197),
	(1607, 53, 168),
	(1608, 53, 141),
	(1609, 53, 205),
	(1610, 53, 35),
	(1611, 53, 51),
	(1612, 53, 139),
	(1613, 53, 229),
	(1614, 53, 174),
	(1615, 53, 95),
	(1616, 53, 81),
	(1617, 53, 66),
	(1618, 53, 39),
	(1619, 53, 151),
	(1620, 53, 247),
	(1621, 53, 181),
	(1622, 53, 45),
	(1623, 53, 211),
	(1624, 53, 48),
	(1625, 53, 173),
	(1626, 53, 71),
	(1627, 53, 100),
	(1628, 53, 112),
	(1629, 53, 154),
	(1630, 53, 58),
	(1631, 53, 140),
	(1632, 53, 137),
	(1633, 53, 184),
	(1634, 53, 186),
	(1635, 53, 210),
	(1636, 54, 1),
	(1637, 54, 169),
	(1638, 54, 204),
	(1639, 54, 215),
	(1640, 54, 69),
	(1641, 54, 113),
	(1642, 54, 221),
	(1643, 54, 166),
	(1644, 54, 256),
	(1645, 54, 183),
	(1646, 54, 228),
	(1647, 54, 2),
	(1648, 54, 145),
	(1649, 54, 74),
	(1650, 54, 96),
	(1651, 54, 196),
	(1652, 54, 251),
	(1653, 54, 238),
	(1654, 54, 191),
	(1655, 54, 185),
	(1656, 54, 92),
	(1657, 54, 245),
	(1658, 54, 126),
	(1659, 54, 22),
	(1660, 54, 172),
	(1661, 54, 102),
	(1662, 54, 122),
	(1663, 54, 109),
	(1664, 54, 125),
	(1665, 54, 23),
	(1666, 54, 178),
	(1667, 54, 79),
	(1668, 54, 206),
	(1669, 54, 252),
	(1670, 54, 244),
	(1671, 54, 242),
	(1672, 54, 25),
	(1673, 54, 93),
	(1674, 54, 31),
	(1675, 54, 224),
	(1676, 54, 32),
	(1677, 54, 150),
	(1678, 54, 194),
	(1679, 54, 33),
	(1680, 54, 34),
	(1681, 54, 208),
	(1682, 54, 235),
	(1683, 54, 214),
	(1684, 54, 36),
	(1685, 54, 234),
	(1686, 54, 30),
	(1687, 54, 41),
	(1688, 54, 165),
	(1689, 54, 98),
	(1690, 54, 143),
	(1691, 54, 104),
	(1692, 54, 223),
	(1693, 54, 156),
	(1694, 54, 24),
	(1695, 54, 239),
	(1696, 54, 123),
	(1697, 54, 57),
	(1698, 54, 83),
	(1699, 54, 128),
	(1700, 54, 198),
	(1701, 54, 243),
	(1702, 54, 37),
	(1703, 54, 91),
	(1704, 54, 133),
	(1705, 54, 132),
	(1706, 54, 200),
	(1707, 54, 233),
	(1708, 54, 116),
	(1709, 54, 153),
	(1710, 54, 190),
	(1711, 54, 240),
	(1712, 54, 136),
	(1713, 54, 105),
	(1714, 54, 207),
	(1715, 54, 70),
	(1716, 54, 55),
	(1717, 54, 157),
	(1718, 54, 227),
	(1719, 54, 44),
	(1720, 54, 88),
	(1721, 54, 146),
	(1722, 54, 127),
	(1723, 54, 27),
	(1725, 54, 182),
	(1726, 54, 60),
	(1727, 54, 111),
	(1728, 54, 217),
	(1729, 54, 149),
	(1730, 54, 29),
	(1731, 54, 119),
	(1732, 54, 129),
	(1733, 54, 134),
	(1734, 54, 62),
	(1735, 54, 65),
	(1736, 54, 54),
	(1737, 54, 99),
	(1738, 54, 107),
	(1739, 54, 53),
	(1740, 54, 49),
	(1741, 54, 76),
	(1742, 54, 72),
	(1743, 54, 135),
	(1744, 54, 257),
	(1745, 54, 61),
	(1746, 54, 40),
	(1747, 54, 59),
	(1748, 54, 67),
	(1750, 54, 158),
	(1751, 54, 246),
	(1752, 54, 47),
	(1753, 54, 226),
	(1754, 54, 26),
	(1755, 54, 164),
	(1756, 54, 106),
	(1757, 54, 189),
	(1758, 54, 21),
	(1759, 54, 230),
	(1760, 54, 147),
	(1761, 54, 78),
	(1762, 54, 80),
	(1763, 54, 248),
	(1764, 54, 68),
	(1765, 54, 77),
	(1766, 54, 103),
	(1767, 54, 236),
	(1768, 54, 56),
	(1769, 54, 148),
	(1770, 54, 110),
	(1771, 54, 28),
	(1772, 54, 231),
	(1773, 54, 42),
	(1774, 54, 121),
	(1775, 54, 152),
	(1776, 54, 202),
	(1777, 54, 118),
	(1778, 54, 192),
	(1779, 54, 117),
	(1780, 54, 144),
	(1782, 54, 201),
	(1783, 54, 203),
	(1784, 54, 199),
	(1785, 54, 175),
	(1786, 54, 159),
	(1787, 54, 89),
	(1788, 54, 222),
	(1789, 54, 86),
	(1790, 54, 130),
	(1791, 54, 232),
	(1792, 54, 124),
	(1793, 54, 187),
	(1794, 54, 97),
	(1795, 54, 225),
	(1796, 54, 155),
	(1797, 54, 90),
	(1798, 54, 101),
	(1799, 54, 38),
	(1800, 54, 213),
	(1801, 54, 177),
	(1802, 54, 82),
	(1803, 54, 171),
	(1804, 54, 209),
	(1805, 54, 212),
	(1806, 54, 108),
	(1807, 54, 167),
	(1808, 54, 220),
	(1809, 54, 63),
	(1810, 54, 75),
	(1811, 54, 115),
	(1812, 54, 43),
	(1813, 54, 142),
	(1814, 54, 219),
	(1815, 54, 85),
	(1816, 54, 120),
	(1817, 54, 52),
	(1818, 54, 176),
	(1819, 54, 254),
	(1820, 54, 87),
	(1821, 54, 73),
	(1822, 54, 64),
	(1823, 54, 114),
	(1824, 54, 94),
	(1825, 54, 131),
	(1826, 54, 161),
	(1827, 54, 160),
	(1828, 54, 197),
	(1829, 54, 168),
	(1830, 54, 141),
	(1831, 54, 205),
	(1832, 54, 35),
	(1833, 54, 51),
	(1834, 54, 139),
	(1835, 54, 229),
	(1836, 54, 174),
	(1837, 54, 95),
	(1838, 54, 81),
	(1839, 54, 66),
	(1840, 54, 39),
	(1841, 54, 151),
	(1842, 54, 247),
	(1843, 54, 181),
	(1844, 54, 45),
	(1845, 54, 211),
	(1846, 54, 48),
	(1847, 54, 173),
	(1848, 54, 71),
	(1849, 54, 100),
	(1850, 54, 112),
	(1851, 54, 154),
	(1852, 54, 58),
	(1853, 54, 140),
	(1854, 54, 137),
	(1855, 54, 184),
	(1856, 54, 186),
	(1857, 54, 210),
	(2524, 55, 1),
	(2525, 55, 169),
	(2526, 55, 204),
	(2527, 55, 215),
	(2528, 55, 69),
	(2529, 55, 113),
	(2530, 55, 221),
	(2531, 55, 166),
	(2532, 55, 256),
	(2533, 55, 183),
	(2534, 55, 228),
	(2535, 55, 2),
	(2536, 55, 145),
	(2537, 55, 74),
	(2538, 55, 96),
	(2539, 55, 196),
	(2540, 55, 251),
	(2541, 55, 238),
	(2542, 55, 191),
	(2543, 55, 185),
	(2544, 55, 92),
	(2545, 55, 245),
	(2546, 55, 126),
	(2547, 55, 22),
	(2548, 55, 172),
	(2549, 55, 102),
	(2550, 55, 122),
	(2551, 55, 109),
	(2552, 55, 125),
	(2553, 55, 23),
	(2554, 55, 178),
	(2555, 55, 79),
	(2556, 55, 206),
	(2557, 55, 252),
	(2558, 55, 244),
	(2559, 55, 242),
	(2560, 55, 25),
	(2561, 55, 93),
	(2562, 55, 31),
	(2563, 55, 224),
	(2564, 55, 32),
	(2565, 55, 150),
	(2566, 55, 194),
	(2567, 55, 33),
	(2568, 55, 34),
	(2569, 55, 208),
	(2570, 55, 235),
	(2571, 55, 214),
	(2572, 55, 36),
	(2573, 55, 234),
	(2574, 55, 30),
	(2575, 55, 41),
	(2576, 55, 165),
	(2577, 55, 98),
	(2578, 55, 143),
	(2579, 55, 104),
	(2580, 55, 223),
	(2581, 55, 156),
	(2582, 55, 24),
	(2583, 55, 239),
	(2584, 55, 123),
	(2585, 55, 57),
	(2586, 55, 83),
	(2587, 55, 128),
	(2588, 55, 198),
	(2589, 55, 243),
	(2590, 55, 37),
	(2591, 55, 91),
	(2592, 55, 133),
	(2593, 55, 132),
	(2594, 55, 200),
	(2595, 55, 233),
	(2596, 55, 116),
	(2597, 55, 153),
	(2598, 55, 190),
	(2599, 55, 240),
	(2600, 55, 136),
	(2601, 55, 105),
	(2602, 55, 207),
	(2603, 55, 70),
	(2604, 55, 55),
	(2605, 55, 157),
	(2606, 55, 227),
	(2607, 55, 44),
	(2608, 55, 88),
	(2609, 55, 146),
	(2610, 55, 127),
	(2611, 55, 27),
	(2613, 55, 182),
	(2614, 55, 60),
	(2615, 55, 111),
	(2616, 55, 217),
	(2617, 55, 149),
	(2618, 55, 29),
	(2619, 55, 119),
	(2620, 55, 129),
	(2621, 55, 134),
	(2622, 55, 62),
	(2623, 55, 65),
	(2624, 55, 54),
	(2625, 55, 99),
	(2626, 55, 107),
	(2627, 55, 53),
	(2628, 55, 49),
	(2629, 55, 76),
	(2630, 55, 72),
	(2631, 55, 135),
	(2632, 55, 257),
	(2633, 55, 61),
	(2634, 55, 40),
	(2635, 55, 59),
	(2636, 55, 67),
	(2638, 55, 158),
	(2639, 55, 246),
	(2640, 55, 47),
	(2641, 55, 226),
	(2642, 55, 26),
	(2643, 55, 164),
	(2644, 55, 106),
	(2645, 55, 189),
	(2646, 55, 21),
	(2647, 55, 230),
	(2648, 55, 147),
	(2649, 55, 78),
	(2650, 55, 80),
	(2651, 55, 248),
	(2652, 55, 68),
	(2653, 55, 77),
	(2654, 55, 103),
	(2655, 55, 236),
	(2656, 55, 56),
	(2657, 55, 148),
	(2658, 55, 110),
	(2659, 55, 28),
	(2660, 55, 231),
	(2661, 55, 42),
	(2662, 55, 121),
	(2663, 55, 152),
	(2664, 55, 202),
	(2665, 55, 118),
	(2666, 55, 192),
	(2667, 55, 117),
	(2668, 55, 144),
	(2670, 55, 201),
	(2671, 55, 203),
	(2672, 55, 199),
	(2673, 55, 175),
	(2674, 55, 159),
	(2675, 55, 89),
	(2676, 55, 222),
	(2677, 55, 86),
	(2678, 55, 130),
	(2679, 55, 232),
	(2680, 55, 124),
	(2681, 55, 187),
	(2682, 55, 97),
	(2683, 55, 225),
	(2684, 55, 155),
	(2685, 55, 90),
	(2686, 55, 101),
	(2687, 55, 38),
	(2688, 55, 213),
	(2689, 55, 177),
	(2690, 55, 82),
	(2691, 55, 171),
	(2692, 55, 209),
	(2693, 55, 212),
	(2694, 55, 108),
	(2695, 55, 167),
	(2696, 55, 220),
	(2697, 55, 63),
	(2698, 55, 75),
	(2699, 55, 115),
	(2700, 55, 43),
	(2701, 55, 142),
	(2702, 55, 219),
	(2703, 55, 85),
	(2704, 55, 120),
	(2705, 55, 52),
	(2706, 55, 176),
	(2707, 55, 254),
	(2708, 55, 87),
	(2709, 55, 73),
	(2710, 55, 64),
	(2711, 55, 114),
	(2712, 55, 94),
	(2713, 55, 131),
	(2714, 55, 161),
	(2715, 55, 160),
	(2716, 55, 197),
	(2717, 55, 168),
	(2718, 55, 141),
	(2719, 55, 205),
	(2720, 55, 35),
	(2721, 55, 51),
	(2722, 55, 139),
	(2723, 55, 229),
	(2724, 55, 174),
	(2725, 55, 95),
	(2726, 55, 81),
	(2727, 55, 66),
	(2728, 55, 39),
	(2729, 55, 151),
	(2730, 55, 247),
	(2731, 55, 181),
	(2732, 55, 45),
	(2733, 55, 211),
	(2734, 55, 48),
	(2735, 55, 173),
	(2736, 55, 71),
	(2737, 55, 100),
	(2738, 55, 112),
	(2739, 55, 154),
	(2740, 55, 58),
	(2741, 55, 140),
	(2742, 55, 137),
	(2743, 55, 184),
	(2744, 55, 186),
	(2745, 55, 210),
	(2746, 56, 88),
	(2747, 56, 41),
	(2748, 56, 91),
	(2749, 56, 99),
	(2750, 56, 159),
	(2751, 56, 115),
	(2756, 59, 2),
	(2757, 59, 62),
	(2758, 59, 256),
	(2759, 59, 69),
	(2760, 59, 143),
	(2761, 59, 247),
	(2762, 59, 175),
	(2763, 59, 228),
	(2764, 59, 31),
	(2765, 59, 59),
	(2766, 59, 74),
	(2767, 59, 145),
	(2768, 59, 96),
	(2769, 59, 223),
	(2770, 59, 169),
	(2771, 59, 36),
	(2772, 59, 215),
	(2773, 59, 102),
	(2774, 59, 172),
	(2775, 59, 113),
	(2776, 59, 122),
	(2777, 59, 199),
	(2778, 59, 109),
	(2779, 59, 125),
	(2780, 59, 71),
	(2781, 59, 221),
	(2782, 59, 79),
	(2783, 59, 238),
	(2784, 59, 45),
	(2785, 59, 206),
	(2786, 59, 204),
	(2787, 59, 178),
	(2788, 59, 252),
	(2789, 59, 244),
	(2790, 59, 242),
	(2791, 59, 224),
	(2792, 59, 93),
	(2793, 59, 197),
	(2794, 59, 214),
	(2795, 59, 86),
	(2796, 59, 150),
	(2797, 59, 30),
	(2798, 59, 165),
	(2799, 59, 112),
	(2800, 59, 160),
	(2801, 59, 194),
	(2802, 59, 104),
	(2803, 59, 24),
	(2804, 59, 47),
	(2805, 59, 156),
	(2806, 59, 123),
	(2807, 59, 243),
	(2808, 59, 32),
	(2809, 59, 57),
	(2810, 59, 83),
	(2811, 59, 245),
	(2812, 59, 239),
	(2813, 59, 198),
	(2814, 59, 128),
	(2815, 59, 137),
	(2816, 59, 132),
	(2817, 59, 133),
	(2818, 59, 212),
	(2819, 59, 185),
	(2820, 59, 207),
	(2821, 59, 153),
	(2822, 59, 200),
	(2823, 59, 190),
	(2824, 59, 240),
	(2825, 59, 233),
	(2826, 59, 34),
	(2827, 59, 211),
	(2828, 59, 136),
	(2829, 59, 191),
	(2830, 59, 105),
	(2831, 59, 120),
	(2832, 59, 70),
	(2833, 59, 227),
	(2834, 59, 44),
	(2835, 59, 55),
	(2836, 59, 88),
	(2837, 59, 146),
	(2838, 59, 33),
	(2839, 59, 251),
	(2840, 59, 157),
	(2841, 59, 56),
	(2842, 59, 127),
	(2843, 59, 27),
	(2845, 59, 182),
	(2846, 59, 232),
	(2847, 59, 37),
	(2848, 59, 78),
	(2849, 59, 111),
	(2850, 59, 121),
	(2851, 59, 65),
	(2852, 59, 98),
	(2853, 59, 154),
	(2854, 59, 149),
	(2855, 59, 75),
	(2856, 59, 134),
	(2857, 59, 97),
	(2858, 59, 29),
	(2859, 59, 99),
	(2860, 59, 54),
	(2861, 59, 60),
	(2862, 59, 171),
	(2863, 59, 107),
	(2864, 59, 142),
	(2865, 59, 151),
	(2866, 59, 53),
	(2867, 59, 129),
	(2868, 59, 49),
	(2869, 59, 119),
	(2870, 59, 38),
	(2871, 59, 168),
	(2872, 59, 158),
	(2873, 59, 76),
	(2874, 59, 135),
	(2875, 59, 101),
	(2876, 59, 257),
	(2877, 59, 100),
	(2879, 59, 234),
	(2880, 59, 61),
	(2881, 59, 40),
	(2882, 59, 164),
	(2883, 59, 21),
	(2884, 59, 230),
	(2885, 59, 189),
	(2886, 59, 196),
	(2887, 59, 147),
	(2888, 59, 181),
	(2889, 59, 248),
	(2890, 59, 68),
	(2891, 59, 77),
	(2892, 59, 91),
	(2893, 59, 92),
	(2894, 59, 103),
	(2895, 59, 106),
	(2896, 59, 26),
	(2897, 59, 236),
	(2898, 59, 208),
	(2899, 59, 173),
	(2900, 59, 148),
	(2901, 59, 110),
	(2902, 59, 152),
	(2903, 59, 124),
	(2904, 59, 202),
	(2905, 59, 108),
	(2906, 59, 166),
	(2907, 59, 117),
	(2908, 59, 118),
	(2909, 59, 192),
	(2910, 59, 144),
	(2911, 59, 201),
	(2912, 59, 203),
	(2913, 59, 80),
	(2914, 59, 42),
	(2915, 59, 22),
	(2916, 59, 28),
	(2917, 59, 231),
	(2918, 59, 159),
	(2919, 59, 183),
	(2920, 59, 89),
	(2921, 59, 222),
	(2922, 59, 48),
	(2923, 59, 130),
	(2924, 59, 235),
	(2925, 59, 155),
	(2926, 59, 225),
	(2927, 59, 187),
	(2928, 59, 246),
	(2929, 59, 25),
	(2930, 59, 90),
	(2931, 59, 67),
	(2932, 59, 82),
	(2933, 59, 39),
	(2934, 59, 41),
	(2935, 59, 161),
	(2936, 59, 209),
	(2937, 59, 167),
	(2938, 59, 220),
	(2939, 59, 213),
	(2940, 59, 177),
	(2941, 59, 217),
	(2942, 59, 43),
	(2943, 59, 219),
	(2944, 59, 210),
	(2945, 59, 85),
	(2946, 59, 52),
	(2947, 59, 73),
	(2948, 59, 87),
	(2949, 59, 176),
	(2950, 59, 116),
	(2951, 59, 254),
	(2952, 59, 64),
	(2953, 59, 226),
	(2954, 59, 114),
	(2955, 59, 141),
	(2956, 59, 81),
	(2957, 59, 72),
	(2958, 59, 58),
	(2959, 59, 205),
	(2960, 59, 35),
	(2961, 59, 94),
	(2962, 59, 131),
	(2963, 59, 51),
	(2964, 59, 63),
	(2965, 59, 229),
	(2966, 59, 139),
	(2967, 59, 126),
	(2968, 59, 1),
	(2969, 59, 95),
	(2970, 59, 174),
	(2971, 59, 140),
	(2972, 59, 23),
	(2973, 59, 66),
	(2974, 59, 115),
	(2975, 59, 186),
	(2976, 59, 184),
	(2977, 56, 146),
	(2978, 56, 1),
	(2979, 60, 1),
	(2980, 60, 62),
	(2982, 60, 69),
	(2983, 60, 143),
	(2984, 60, 247),
	(2985, 60, 175),
	(2986, 60, 228),
	(2987, 60, 31),
	(2988, 60, 59),
	(2989, 60, 258),
	(2990, 60, 74),
	(2991, 60, 2),
	(2992, 60, 145),
	(2993, 60, 96),
	(2994, 60, 223),
	(2995, 60, 169),
	(2996, 60, 36),
	(2997, 60, 215),
	(2998, 60, 102),
	(2999, 60, 172),
	(3000, 60, 113),
	(3001, 60, 122),
	(3002, 60, 199),
	(3003, 60, 109),
	(3004, 60, 125),
	(3005, 60, 71),
	(3006, 60, 221),
	(3007, 60, 79),
	(3008, 60, 238),
	(3009, 60, 45),
	(3010, 60, 206),
	(3011, 60, 204),
	(3012, 60, 178),
	(3013, 60, 252),
	(3014, 60, 244),
	(3015, 60, 242),
	(3016, 60, 224),
	(3017, 60, 93),
	(3018, 60, 197),
	(3019, 60, 214),
	(3020, 60, 86),
	(3021, 60, 150),
	(3022, 60, 30),
	(3023, 60, 165),
	(3024, 60, 112),
	(3025, 60, 160),
	(3026, 60, 194),
	(3027, 60, 104),
	(3028, 60, 24),
	(3029, 60, 47),
	(3030, 60, 156),
	(3031, 60, 123),
	(3032, 60, 243),
	(3033, 60, 32),
	(3034, 60, 57),
	(3035, 60, 83),
	(3036, 60, 245),
	(3037, 60, 239),
	(3038, 60, 198),
	(3039, 60, 128),
	(3040, 60, 137),
	(3041, 60, 132),
	(3042, 60, 133),
	(3043, 60, 212),
	(3044, 60, 185),
	(3045, 60, 207),
	(3046, 60, 153),
	(3047, 60, 200),
	(3048, 60, 190),
	(3049, 60, 240),
	(3050, 60, 233),
	(3051, 60, 34),
	(3052, 60, 211),
	(3053, 60, 136),
	(3054, 60, 191),
	(3055, 60, 105),
	(3056, 60, 120),
	(3057, 60, 70),
	(3058, 60, 227),
	(3059, 60, 44),
	(3060, 60, 55),
	(3061, 60, 88),
	(3062, 60, 146),
	(3063, 60, 33),
	(3064, 60, 251),
	(3065, 60, 157),
	(3066, 60, 56),
	(3067, 60, 127),
	(3068, 60, 27),
	(3070, 60, 182),
	(3071, 60, 232),
	(3072, 60, 37),
	(3073, 60, 78),
	(3074, 60, 111),
	(3075, 60, 121),
	(3076, 60, 65),
	(3077, 60, 98),
	(3078, 60, 154),
	(3079, 60, 149),
	(3080, 60, 75),
	(3081, 60, 134),
	(3082, 60, 97),
	(3083, 60, 29),
	(3084, 60, 259),
	(3085, 60, 99),
	(3086, 60, 54),
	(3087, 60, 60),
	(3088, 60, 171),
	(3089, 60, 107),
	(3090, 60, 142),
	(3091, 60, 151),
	(3092, 60, 53),
	(3093, 60, 129),
	(3094, 60, 49),
	(3095, 60, 119),
	(3096, 60, 38),
	(3097, 60, 168),
	(3098, 60, 158),
	(3099, 60, 76),
	(3100, 60, 135),
	(3101, 60, 101),
	(3102, 60, 257),
	(3103, 60, 100),
	(3105, 60, 234),
	(3106, 60, 61),
	(3107, 60, 40),
	(3108, 60, 164),
	(3109, 60, 21),
	(3110, 60, 230),
	(3111, 60, 189),
	(3112, 60, 196),
	(3113, 60, 147),
	(3114, 60, 181),
	(3115, 60, 248),
	(3116, 60, 68),
	(3117, 60, 77),
	(3118, 60, 91),
	(3119, 60, 92),
	(3120, 60, 103),
	(3121, 60, 106),
	(3122, 60, 26),
	(3123, 60, 236),
	(3124, 60, 208),
	(3125, 60, 173),
	(3126, 60, 148),
	(3127, 60, 110),
	(3128, 60, 152),
	(3129, 60, 124),
	(3130, 60, 202),
	(3131, 60, 108),
	(3132, 60, 166),
	(3133, 60, 117),
	(3134, 60, 118),
	(3135, 60, 192),
	(3136, 60, 144),
	(3137, 60, 201),
	(3138, 60, 203),
	(3139, 60, 80),
	(3140, 60, 42),
	(3141, 60, 22),
	(3142, 60, 28),
	(3143, 60, 231),
	(3144, 60, 159),
	(3145, 60, 183),
	(3146, 60, 89),
	(3147, 60, 222),
	(3148, 60, 48),
	(3149, 60, 130),
	(3150, 60, 235),
	(3151, 60, 155),
	(3152, 60, 225),
	(3153, 60, 187),
	(3154, 60, 246),
	(3155, 60, 25),
	(3156, 60, 90),
	(3157, 60, 67),
	(3158, 60, 82),
	(3159, 60, 39),
	(3160, 60, 41),
	(3161, 60, 161),
	(3162, 60, 209),
	(3163, 60, 167),
	(3164, 60, 220),
	(3165, 60, 213),
	(3166, 60, 177),
	(3167, 60, 217),
	(3168, 60, 43),
	(3169, 60, 219),
	(3170, 60, 210),
	(3171, 60, 85),
	(3172, 60, 52),
	(3173, 60, 73),
	(3174, 60, 87),
	(3175, 60, 176),
	(3176, 60, 116),
	(3177, 60, 254),
	(3178, 60, 64),
	(3179, 60, 226),
	(3180, 60, 114),
	(3181, 60, 141),
	(3182, 60, 81),
	(3183, 60, 72),
	(3184, 60, 58),
	(3185, 60, 205),
	(3186, 60, 35),
	(3187, 60, 94),
	(3188, 60, 131),
	(3189, 60, 51),
	(3190, 60, 63),
	(3191, 60, 229),
	(3192, 60, 139),
	(3193, 60, 126),
	(3194, 60, 95),
	(3195, 60, 174),
	(3196, 60, 140),
	(3197, 60, 23),
	(3198, 60, 66),
	(3199, 60, 115),
	(3200, 60, 186),
	(3201, 60, 184),
	(3204, 56, 109),
	(3428, 56, 39),
	(3429, 64, 172),
	(3430, 64, 62),
	(3431, 64, 256),
	(3432, 64, 69),
	(3433, 64, 143),
	(3434, 64, 247),
	(3435, 64, 175),
	(3436, 64, 228),
	(3437, 64, 31),
	(3438, 64, 59),
	(3439, 64, 258),
	(3440, 64, 74),
	(3441, 64, 2),
	(3442, 64, 145),
	(3443, 64, 96),
	(3444, 64, 223),
	(3445, 64, 169),
	(3446, 64, 36),
	(3447, 64, 215),
	(3448, 64, 102),
	(3449, 64, 113),
	(3450, 64, 122),
	(3451, 64, 199),
	(3452, 64, 109),
	(3453, 64, 125),
	(3454, 64, 71),
	(3455, 64, 221),
	(3456, 64, 79),
	(3457, 64, 238),
	(3458, 64, 45),
	(3459, 64, 206),
	(3460, 64, 204),
	(3461, 64, 178),
	(3462, 64, 252),
	(3463, 64, 244),
	(3464, 64, 242),
	(3465, 64, 224),
	(3466, 64, 93),
	(3467, 64, 197),
	(3468, 64, 214),
	(3469, 64, 86),
	(3470, 64, 150),
	(3471, 64, 30),
	(3472, 64, 165),
	(3473, 64, 112),
	(3474, 64, 160),
	(3475, 64, 194),
	(3476, 64, 104),
	(3477, 64, 24),
	(3478, 64, 47),
	(3479, 64, 156),
	(3480, 64, 123),
	(3481, 64, 243),
	(3482, 64, 32),
	(3483, 64, 57),
	(3484, 64, 83),
	(3485, 64, 245),
	(3486, 64, 239),
	(3487, 64, 198),
	(3488, 64, 128),
	(3489, 64, 137),
	(3490, 64, 132),
	(3491, 64, 133),
	(3492, 64, 212),
	(3493, 64, 185),
	(3494, 64, 207),
	(3495, 64, 153),
	(3496, 64, 200),
	(3497, 64, 190),
	(3498, 64, 240),
	(3499, 64, 233),
	(3500, 64, 34),
	(3501, 64, 211),
	(3502, 64, 136),
	(3503, 64, 191),
	(3504, 64, 105),
	(3505, 64, 120),
	(3506, 64, 70),
	(3507, 64, 227),
	(3508, 64, 44),
	(3509, 64, 55),
	(3510, 64, 88),
	(3511, 64, 146),
	(3512, 64, 33),
	(3513, 64, 251),
	(3514, 64, 157),
	(3515, 64, 56),
	(3516, 64, 127),
	(3517, 64, 27),
	(3518, 64, 182),
	(3519, 64, 232),
	(3520, 64, 37),
	(3521, 64, 78),
	(3522, 64, 111),
	(3523, 64, 121),
	(3524, 64, 65),
	(3525, 64, 98),
	(3526, 64, 154),
	(3527, 64, 149),
	(3528, 64, 75),
	(3529, 64, 134),
	(3530, 64, 97),
	(3531, 64, 29),
	(3532, 64, 259),
	(3533, 64, 99),
	(3534, 64, 54),
	(3535, 64, 60),
	(3536, 64, 171),
	(3537, 64, 107),
	(3538, 64, 142),
	(3539, 64, 151),
	(3540, 64, 53),
	(3541, 64, 129),
	(3542, 64, 49),
	(3543, 64, 119),
	(3544, 64, 38),
	(3545, 64, 168),
	(3546, 64, 158),
	(3547, 64, 76),
	(3548, 64, 135),
	(3549, 64, 101),
	(3550, 64, 257),
	(3551, 64, 100),
	(3552, 64, 234),
	(3553, 64, 61),
	(3554, 64, 40),
	(3555, 64, 164),
	(3556, 64, 21),
	(3557, 64, 230),
	(3558, 64, 189),
	(3559, 64, 196),
	(3560, 64, 147),
	(3561, 64, 181),
	(3562, 64, 248),
	(3563, 64, 68),
	(3564, 64, 77),
	(3565, 64, 91),
	(3566, 64, 92),
	(3567, 64, 103),
	(3568, 64, 106),
	(3569, 64, 26),
	(3570, 64, 236),
	(3571, 64, 208),
	(3572, 64, 173),
	(3573, 64, 148),
	(3574, 64, 110),
	(3575, 64, 152),
	(3576, 64, 124),
	(3577, 64, 202),
	(3578, 64, 108),
	(3579, 64, 166),
	(3580, 64, 117),
	(3581, 64, 118),
	(3582, 64, 192),
	(3583, 64, 144),
	(3584, 64, 201),
	(3585, 64, 203),
	(3586, 64, 80),
	(3587, 64, 42),
	(3588, 64, 22),
	(3589, 64, 28),
	(3590, 64, 231),
	(3591, 64, 159),
	(3592, 64, 183),
	(3593, 64, 89),
	(3594, 64, 222),
	(3595, 64, 48),
	(3596, 64, 130),
	(3597, 64, 235),
	(3598, 64, 155),
	(3599, 64, 225),
	(3600, 64, 187),
	(3601, 64, 246),
	(3602, 64, 25),
	(3603, 64, 90),
	(3604, 64, 67),
	(3605, 64, 82),
	(3606, 64, 39),
	(3607, 64, 41),
	(3608, 64, 161),
	(3609, 64, 209),
	(3610, 64, 167),
	(3611, 64, 220),
	(3612, 64, 213),
	(3613, 64, 177),
	(3614, 64, 217),
	(3615, 64, 43),
	(3616, 64, 219),
	(3617, 64, 210),
	(3618, 64, 85),
	(3619, 64, 52),
	(3620, 64, 73),
	(3621, 64, 87),
	(3622, 64, 176),
	(3623, 64, 116),
	(3624, 64, 254),
	(3625, 64, 64),
	(3626, 64, 226),
	(3627, 64, 114),
	(3628, 64, 141),
	(3629, 64, 81),
	(3630, 64, 72),
	(3631, 64, 58),
	(3632, 64, 205),
	(3633, 64, 35),
	(3634, 64, 94),
	(3635, 64, 131),
	(3636, 64, 51),
	(3637, 64, 63),
	(3638, 64, 229),
	(3639, 64, 139),
	(3640, 64, 126),
	(3641, 64, 1),
	(3642, 64, 95),
	(3643, 64, 174),
	(3644, 64, 140),
	(3645, 64, 23),
	(3646, 64, 66),
	(3647, 64, 115),
	(3648, 64, 186),
	(3649, 64, 184),
	(3650, 56, 177),
	(3651, 56, 21);
/*!40000 ALTER TABLE `chat_topic_members` ENABLE KEYS */;

-- Dumping structure for table interna5_dbcommu.chat_topic_name
CREATE TABLE IF NOT EXISTS `chat_topic_name` (
  `topic_id` int(11) NOT NULL AUTO_INCREMENT,
  `topic_name` varchar(100) DEFAULT NULL,
  `topic_category` int(11) DEFAULT NULL,
  PRIMARY KEY (`topic_id`),
  KEY `FK_chat_topic_name_chat_topic_category` (`topic_category`),
  CONSTRAINT `FK_chat_topic_name_chat_topic_category` FOREIGN KEY (`topic_category`) REFERENCES `chat_topic_category` (`id_category`)
) ENGINE=InnoDB AUTO_INCREMENT=65 DEFAULT CHARSET=utf8;

-- Dumping data for table interna5_dbcommu.chat_topic_name: ~12 rows (approximately)
/*!40000 ALTER TABLE `chat_topic_name` DISABLE KEYS */;
INSERT INTO `chat_topic_name` (`topic_id`, `topic_name`, `topic_category`) VALUES
	(43, 'Margine di contribuzione', 7),
	(45, 'Rivalutazione Know How', 8),
	(47, 'Confeserfidi "Pacchetti Finanziamenti"', 9),
	(51, 'Legge 3', 12),
	(52, 'Varie', 14),
	(53, 'Programmazione eventi', 11),
	(54, 'Progetto comunicazione Studio Commercialista', 13),
	(55, 'Richieste di informazioni, aiuto e assistenza', 16),
	(56, 'Biblioteca Analisi di Scenario', 7),
	(59, 'Bsc investment SIS SRL - il nostro fondo di investimento', 15),
	(60, 'Formazione on line settimanale', 8),
	(64, 'SINDACALE', 16);
/*!40000 ALTER TABLE `chat_topic_name` ENABLE KEYS */;

-- Dumping structure for table interna5_dbcommu.login_details
CREATE TABLE IF NOT EXISTS `login_details` (
  `login_details_id` int(11) NOT NULL AUTO_INCREMENT,
  `user_id` int(11) NOT NULL,
  `last_activity` timestamp NOT NULL DEFAULT current_timestamp() ON UPDATE current_timestamp(),
  `receiver_id` int(11) NOT NULL,
  `is_typing` enum('no','yes') NOT NULL,
  PRIMARY KEY (`login_details_id`),
  KEY `FK_login_details_user` (`user_id`),
  CONSTRAINT `FK_login_details_user` FOREIGN KEY (`user_id`) REFERENCES `user` (`user_id`)
) ENGINE=InnoDB AUTO_INCREMENT=802 DEFAULT CHARSET=utf8mb4;

-- Dumping data for table interna5_dbcommu.login_details: ~96 rows (approximately)
/*!40000 ALTER TABLE `login_details` DISABLE KEYS */;
INSERT INTO `login_details` (`login_details_id`, `user_id`, `last_activity`, `receiver_id`, `is_typing`) VALUES
	(578, 149, '2020-11-25 14:41:13', 0, 'no'),
	(580, 151, '2020-11-25 14:41:46', 0, 'no'),
	(581, 229, '2020-11-25 14:41:59', 0, 'no'),
	(582, 152, '2020-11-25 14:42:11', 0, 'no'),
	(583, 202, '2020-11-25 14:42:28', 0, 'no'),
	(584, 160, '2020-11-25 14:42:36', 0, 'no'),
	(585, 189, '2020-11-25 14:42:48', 0, 'no'),
	(586, 176, '2020-11-25 14:43:25', 0, 'no'),
	(587, 154, '2020-11-25 14:43:37', 0, 'no'),
	(589, 155, '2020-11-25 14:46:08', 0, 'no'),
	(591, 159, '2020-11-25 14:48:33', 0, 'no'),
	(592, 178, '2020-11-25 14:49:56', 0, 'no'),
	(593, 184, '2020-11-25 14:51:06', 0, 'no'),
	(594, 187, '2020-11-25 14:51:55', 0, 'no'),
	(595, 164, '2020-11-25 14:54:08', 0, 'no'),
	(596, 165, '2020-11-25 14:54:55', 0, 'no'),
	(597, 224, '2020-11-25 14:55:34', 0, 'no'),
	(598, 221, '2020-11-25 15:01:10', 0, 'no'),
	(599, 171, '2020-11-25 15:02:26', 0, 'no'),
	(600, 168, '2020-11-25 15:11:38', 0, 'no'),
	(601, 169, '2020-11-25 15:12:19', 0, 'no'),
	(602, 191, '2020-11-25 15:14:01', 0, 'no'),
	(603, 192, '2020-11-25 15:14:42', 0, 'no'),
	(604, 83, '2020-11-25 15:15:51', 0, 'no'),
	(606, 222, '2020-11-25 15:18:18', 0, 'no'),
	(607, 175, '2020-11-25 15:19:21', 0, 'no'),
	(608, 199, '2020-11-25 15:21:48', 0, 'no'),
	(609, 234, '2020-11-25 15:23:39', 0, 'no'),
	(610, 25, '2020-11-25 15:23:52', 0, 'no'),
	(611, 238, '2020-11-25 15:25:05', 0, 'no'),
	(612, 209, '2020-11-25 15:25:56', 0, 'no'),
	(616, 196, '2020-11-25 15:30:24', 0, 'no'),
	(617, 197, '2020-11-25 15:31:28', 0, 'no'),
	(618, 223, '2020-11-25 15:34:14', 0, 'no'),
	(620, 207, '2020-11-25 15:36:25', 0, 'no'),
	(621, 158, '2020-11-25 15:38:01', 0, 'no'),
	(622, 217, '2020-11-25 15:41:00', 0, 'no'),
	(623, 157, '2020-11-25 15:42:45', 0, 'no'),
	(624, 225, '2020-11-25 15:43:54', 0, 'no'),
	(625, 208, '2020-11-25 15:48:13', 0, 'no'),
	(626, 235, '2020-11-25 15:50:04', 0, 'no'),
	(627, 210, '2020-11-25 15:50:46', 0, 'no'),
	(628, 211, '2020-11-25 15:54:48', 0, 'no'),
	(629, 212, '2020-11-25 15:55:18', 0, 'no'),
	(630, 214, '2020-11-25 15:57:02', 0, 'no'),
	(633, 204, '2020-11-25 16:02:58', 0, 'no'),
	(634, 220, '2020-11-25 16:04:41', 0, 'no'),
	(635, 236, '2020-11-25 16:04:55', 0, 'no'),
	(636, 90, '2020-11-25 16:05:13', 0, 'no'),
	(637, 226, '2020-11-25 16:05:29', 0, 'no'),
	(639, 174, '2020-11-25 16:08:39', 0, 'no'),
	(641, 232, '2020-11-25 16:12:00', 0, 'no'),
	(642, 111, '2020-11-25 16:12:12', 0, 'no'),
	(643, 233, '2020-11-25 16:15:50', 0, 'no'),
	(646, 161, '2020-11-25 16:22:32', 0, 'no'),
	(647, 190, '2020-11-25 16:25:23', 0, 'no'),
	(648, 239, '2020-11-25 16:26:33', 0, 'no'),
	(649, 185, '2020-11-25 16:27:05', 0, 'no'),
	(650, 186, '2020-11-25 16:28:28', 0, 'no'),
	(651, 182, '2020-11-25 16:29:33', 0, 'no'),
	(652, 183, '2020-11-25 16:29:49', 0, 'no'),
	(653, 252, '2020-11-25 16:32:05', 0, 'no'),
	(654, 95, '2020-11-25 16:44:29', 0, 'no'),
	(667, 257, '2020-11-26 11:26:22', 0, 'no'),
	(674, 88, '2020-11-27 11:11:38', 0, 'no'),
	(695, 146, '2020-11-27 15:06:33', 0, 'no'),
	(698, 259, '2020-11-27 16:08:25', 0, 'no'),
	(708, 42, '2020-11-27 20:46:36', 0, 'no'),
	(713, 213, '2020-11-27 22:10:50', 0, 'no'),
	(718, 231, '2020-11-28 13:40:49', 0, 'no'),
	(722, 256, '2020-11-28 17:57:36', 0, 'no'),
	(725, 39, '2020-11-29 08:56:44', 0, 'no'),
	(732, 115, '2020-11-30 13:34:29', 0, 'no'),
	(734, 74, '2020-11-30 14:29:30', 0, 'no'),
	(738, 206, '2020-11-30 18:05:08', 0, 'no'),
	(740, 172, '2020-11-30 20:38:39', 1, 'no'),
	(748, 150, '2020-12-01 11:39:20', 0, 'no'),
	(757, 144, '2020-12-01 19:22:41', 0, 'no'),
	(767, 177, '2020-12-02 18:11:11', 0, 'no'),
	(775, 147, '2020-12-03 14:18:56', 0, 'no'),
	(777, 127, '2020-12-03 19:43:11', 0, 'no'),
	(778, 117, '2020-12-03 16:40:16', 0, 'no'),
	(779, 139, '2020-12-03 17:57:02', 0, 'no'),
	(780, 101, '2020-12-04 10:12:26', 0, 'no'),
	(781, 126, '2020-12-03 18:25:59', 0, 'no'),
	(784, 109, '2020-12-04 00:05:59', 0, 'no'),
	(787, 260, '2020-12-04 11:56:57', 0, 'no'),
	(788, 21, '2020-12-04 20:47:49', 0, 'no'),
	(789, 47, '2020-12-05 10:33:23', 0, 'no'),
	(790, 258, '2020-12-07 16:38:12', 0, 'no'),
	(792, 30, '2020-12-08 11:56:48', 0, 'no'),
	(793, 77, '2020-12-08 23:43:48', 0, 'no'),
	(794, 254, '2020-12-09 12:17:27', 0, 'no'),
	(796, 156, '2020-12-09 11:54:18', 0, 'no'),
	(797, 2, '2020-12-09 12:33:57', 0, 'no'),
	(801, 1, '2020-12-10 17:10:09', 0, 'no');
/*!40000 ALTER TABLE `login_details` ENABLE KEYS */;

-- Dumping structure for table interna5_dbcommu.token
CREATE TABLE IF NOT EXISTS `token` (
  `id_token` int(11) NOT NULL AUTO_INCREMENT,
  `token` varchar(300) NOT NULL,
  `createdDate` date DEFAULT NULL,
  `id_user` int(11) NOT NULL,
  PRIMARY KEY (`id_token`),
  KEY `FK_token_user` (`id_user`),
  CONSTRAINT `FK_token_user` FOREIGN KEY (`id_user`) REFERENCES `user` (`user_id`)
) ENGINE=InnoDB AUTO_INCREMENT=1213 DEFAULT CHARSET=latin1;

-- Dumping data for table interna5_dbcommu.token: ~17 rows (approximately)
/*!40000 ALTER TABLE `token` DISABLE KEYS */;
INSERT INTO `token` (`id_token`, `token`, `createdDate`, `id_user`) VALUES
	(1029, 'fIEV7waKMlvSPF2jfDCozS:APA91bGK1t7y9WOdT6ZLJkxldOwAdsArVlUjC5wiOAspG70681KxBITo9HMbj9SXJLV3fHw-swAOuk9nNig_wL-PA3weqPPSHB79P0oIUMv2eNsDPoGgSXXq2OltT7aJCFq1pnzSGSqS', '2020-11-27', 42),
	(1050, 'dTrVKFL4Ee8mv_DkmQ_nq8:APA91bGsswqSCsmcn2uxsCnQI-Zjh57s71rhKrkqIy3vNe1GiryhJ3vhaUoWAJCLd1jel2qJol6_ErJyOH5knCD8eLc8EMUHjCuENlSQs2pCXQJXmNosup1CdD2ANPqc9AuX3C1kJUTT', '2020-11-29', 39),
	(1078, 'e1ksBThHa-bfAy5lDV4fHu:APA91bFBGQtmGyT1f-BNC3pQyE_3tzqN6mwJiWbR23Mgwna4qBkbF6dUAxv1lOzErOqg0Qu2CTWVyi8q7_nRc8sf0tMiXeHriiyDf6yp8KiRax4yMc_AEEUxxoTqLJh8636ykwSVgc0i', '2020-11-30', 172),
	(1166, 'fHR9le9a5zxun_nQxpYkQq:APA91bGQ660Xb1cJnCmxpqG_40rUAdhgIuJGe2PtSTiV1RA--atRdEMbgY0U1w23xF_f12uaXQWxSz1q8WtUnMLdyDO0-cG0EH3LlF7HK7YghvcXTNW5_MA9KJfc2fpno-3sajTjm1A6', '2020-12-03', 117),
	(1169, 'cLaELhh4KiKB3cXMDsPGqf:APA91bFHIiuic9SYmofqjtCGEUX0TYkF7JeGTQVZAvzhACfMeF1A0SB3wsUkpKyEIiX0IS8mYMqwzwJsx7kXpnfvtruf_h8i0toIJX_riP1q0VRw6mMzaaJ2A4moy5zk3SfmeMV9aFxO', '2020-12-03', 139),
	(1174, 'fpVxXuPCvCJOKmtaLw5IB7:APA91bFMslvnrz4VG0s_mwMau7g-VFMPpaa0GAEFj5o_iulK4-XMtnazkjI20zUhytTkudplV5D5fGmjmXkobHOb-4bW_36YY7KCza1lZQbkuqyA0sQYjzYRkNTHlRx0hAUU3Yjs6gVf', '2020-12-03', 101),
	(1176, 'fkOFqvhB-MRx5xetKs83nj:APA91bEsjkf2W3xAK3jbwtICPmoe9uFgwkWcC1pmtBdSHX2ZYzS0GfkFLKPEO6sKAVHXlDx7uCXNxzcSnxvjKUGekL6wMNwGe7cg7olQguUUNT14zlEeSTjf2YTkjp9jCe2-_jIDGF_5', '2020-12-03', 126),
	(1190, 'fNBEN0OlE4HRMbM93b7XDP:APA91bEZRBbu3C_9Jds7_ygmAzQh5dDv3taT1anUZYH0sF6lNxcquiPViMcKRi0Pucc4hO2ohYhzNPZkgkI94UIG-nAO_Y0GjLUReK9xUoe5c-iRyiTeg4i2xOk29RJBa30WNDxK1kx-', '2020-12-04', 21),
	(1191, 'fNBEN0OlE4HRMbM93b7XDP:APA91bEe1kT6qmb_yBjQBMqyayXiRY_HEUxDXXkYV-E_pBBZ3Ya-Hi3s6NyE4pVArxZhpIVrodYO4sL8jSLzv2Cas-OD8uypWWL1-c3VPioMQFBloYyO3k0DKHdT_cf0GGT_CUFrTH_1', '2020-12-04', 21),
	(1192, 'fNBEN0OlE4HRMbM93b7XDP:APA91bHUuF5VDGHYvqa8mRiTrsa2ALd9WJDoNRNv4NhxaSIQcQD90voleKH6Oais9h-yTgbOKkjhRz2Xoh1qvqWzEiAgoYWBxkVWvozvJytW8K8JpUjknytRBCIEH3hkNFdRVqoDdIS3', '2020-12-04', 21),
	(1194, 'deoee-28JQVlB9Iqj5ic2b:APA91bENR2t42uIAnHHtcRa8trfguV30Yh84yRrSEi4F_4ArNo_VtSLRIAB_4oc4c5DRBROE2OjptH925UwBtrSx5uyoveNA7hfnH27i582dJot6i9WV-vygi2Q9y9wjuh66NIuaob_w', '2020-12-05', 47),
	(1197, 'fRT84WwFSHLTX26GR_-62s:APA91bHXAZLMhevaeMgPFhy9Bt_xhqLSUp0nPPjZJXu9fzhm470v5e1qK2ATJKaT7j1FhNrFhvN5tsiyVai5dGrY1VYjUW8CGC1qwuBdJPY1nPzqLzbs-MJ7wNffREH_TgjoSkPyPPnh', '2020-12-07', 258),
	(1203, 'eZuLccwMUOMkmUQ1jF8Mo7:APA91bFtaCSTUvboCgehPiQTSsDbm2O0uhNHmx7cG60SgFUoiLk4ZWYCrQc8naDjCu12gf2prN8TdJOIsVFyItSeupqKfOpHhFY_St21UFCwirN2_quxTr1anJiYsfDk3BMvsqbMpw1s', '2020-12-08', 30),
	(1204, 'c98RWwAzWUmEVk6lKd7CZl:APA91bHN-jWgFAejrP2jO_oGc_uNf9jTz-i6bO8JAPzQF4xyvvKkTA24GIhLGo1O9LFalX14b-ztItghNB429Y7vj0_wkofKDRqXA8JiMY6Ft2P4OkQston7ZZz9hf7PoIR5yBkZJXcT', '2020-12-09', 254),
	(1205, 'dbVISbx9lVudu3NCQyp9jw:APA91bFIQBXi-LHsbIgfis2XN1b4L8vn747-9fn_Bvy9HGri9SYIdet0n1orwBxSSI-DaAC84TQT_tmT3yB1cdRn2pX7h0HonlDFYhp-MrClhdqRSudnoWJld_hmM0ckeus54zGExdXX', '2020-12-09', 156),
	(1206, 'dbVISbx9lVudu3NCQyp9jw:APA91bGNlEqtk7FQcLoQ3EuIhZGuipqbQ5Rvqn-1tlfW9o_kOPwpD5iCvKI10tJEGkKBC_Xaf_GHBEo89-mc4WzI7F-t_lOoe9oiUPJpWN-80cNyYIQAiCEnHRSNP_H4gWrVGd9hbcM3', '2020-12-09', 156),
	(1208, 'eSsYGmG7_5LUA9S6Aje3Ky:APA91bHr6-EqdrYhHoj0EL9NbpwXJ9J3O2r6gDkP2fHnVLxbAd75pG-HS0I7eCwJOfpWBo71rQim9LdsgSX6yyQ5lsqIInKrTGZcmd1z40EZ4oolrn4EuHfft0EnsTQJgXVpjn-rj4WF', '2020-12-09', 2);
/*!40000 ALTER TABLE `token` ENABLE KEYS */;

-- Dumping structure for table interna5_dbcommu.user
CREATE TABLE IF NOT EXISTS `user` (
  `user_id` int(11) NOT NULL AUTO_INCREMENT,
  `username` varchar(255) NOT NULL,
  `password` varchar(25) NOT NULL,
  `user_name` varchar(25) NOT NULL,
  `user_lastname` varchar(25) NOT NULL,
  `user_email` varchar(50) NOT NULL,
  `user_photo` varchar(255) DEFAULT NULL,
  `user_phone` varchar(50) DEFAULT NULL,
  `user_level` int(1) DEFAULT NULL COMMENT '1 - user, 2 - admin',
  PRIMARY KEY (`user_id`)
) ENGINE=InnoDB AUTO_INCREMENT=264 DEFAULT CHARSET=utf8mb4;

-- Dumping data for table interna5_dbcommu.user: ~225 rows (approximately)
/*!40000 ALTER TABLE `user` DISABLE KEYS */;
INSERT INTO `user` (`user_id`, `username`, `password`, `user_name`, `user_lastname`, `user_email`, `user_photo`, `user_phone`, `user_level`) VALUES
	(1, 'simone.brancozzi@gmail.com', 'simone2017', 'Simone', 'Brancozzi', 'simone.brancozzi@gmail.com', NULL, '', 2),
	(2, 'alessandro.marziali89@gmail.com', 'alessandromarziali', 'Alessandro', 'Marziali', 'alessandro.marziali89@gmail.com', 'Digitalizzato_20200422.jpg', '', 1),
	(21, 'laura@vadum.it', 'Therm#228', 'Laura ', 'Albertin', 'laura@vadum.it', NULL, '3358398492', 1),
	(22, 'andolfi.rinaldi@gmail.com', 'Raptors2324@', 'Massimo', 'Andolfi', 'andolfi.rinaldi@gmail.com', NULL, '', 1),
	(23, 'antoninionline@gmail.com', 'Bucks-417', 'Stefano', 'Antonini', 'antoninionline@gmail.com', NULL, '', 1),
	(24, 'crpartners2019@gmail.com', 'Oniv942#', 'Cristiano', 'Avino', 'crpartners2019@gmail.com', NULL, '', 1),
	(25, 'bagnaresioliviero@gmail.com', 'Loise429#', 'Oliviero', 'Bagnaresi', 'bagnaresioliviero@gmail.com', NULL, '', 1),
	(26, 'info@studioluciabenetti.it', 'WSrz8R_H', 'Lucia', 'Benetti', 'info@studioluciabenetti.it', NULL, '', 1),
	(27, 'filippobergamino@gmail.com', 'Freck433@', 'Filippo', 'Bergamino', 'filippobergamino@gmail.com', NULL, '', 1),
	(28, 'm.bianchi@mb-consulenze.com', 'Orazio649@', 'Massimo', 'Bianchi', 'm.bianchi@mb-consulenze.com', NULL, '', 1),
	(29, 'g.p.biele@gmx.de', 'Ujn66-dV', 'Gianpiero ', 'Biele', 'g.p.biele@gmx.de', NULL, '', 1),
	(30, 'cb@gestione-aziendale.com', 'Zenot628#', 'Catia', 'Bonetti', 'cb@gestione-aziendale.com', NULL, '', 1),
	(31, 'bosco@omniaservice.biz', 'fn7YKM#u', 'Alessandro', 'Bosco', 'bosco@omniaservice.biz', NULL, '', 1),
	(32, 'brunelli@bbv-partners.it', 'Rentr239@', 'Daniele', 'Brunelli', 'brunelli@bbv-partners.it', NULL, '', 1),
	(33, 'camani@studiocamani.org', 'Purple338#', 'Fabrizio', 'Camani', 'camani@studiocamani.org', NULL, '', 1),
	(34, 'capoccetta', 'SetSun#387', 'Emanuela', 'Capoccetta', 'studio@capoccettabasile.it', NULL, '', 1),
	(35, 'sarah.capponi@medagliacapponi.eu', 'PonRah632#', 'Sarah', 'Capponi', 'sarah.capponi@medagliacapponi.eu', NULL, '', 1),
	(36, 'casadei@bilanciarsi.it', 'Raica209@', 'Andrea', 'Casadei', 'casadei@bilanciarsi.it', NULL, '', 1),
	(37, 'decimaconsulting@gmail.com', 'Nocam838@', 'Francesco', 'Celiento', 'decimaconsulting@gmail.com', NULL, '', 1),
	(38, 'p.bottari@studiobottarieassociati.it', 'Bottas#716', 'GIUSEPPE', 'CIARLONE', 'p.bottari@studiobottarieassociati.it', NULL, '', 1),
	(39, 'studio.ciccani@virgilio.it', 'Panth974#', 'Pasquale', 'Ciccani', 'studio.ciccani@virgilio.it', NULL, '', 1),
	(40, 'idetta@studiocincinelli.it', 'g4gPy$9E', 'Idetta', 'Cincinelli', 'idetta@studiocincinelli.it', NULL, '', 1),
	(41, 'cirigliano@studiocirigliano.it', 'Onail294#', 'Pasquale Egidio', 'Cirigliano', 'cirigliano@studiocirigliano.it', NULL, '', 1),
	(42, 'm.coletta@mclink.it', 'H%JtYT38', 'Massimo ', 'Coletta', 'm.coletta@mclink.it', NULL, '', 1),
	(43, 'r.coluccio@studiocoluccio.com', 'Loco#982', 'Renata', 'Coluccio', 'r.coluccio@studiocoluccio.com', NULL, '', 1),
	(44, 'fabio.consorti@studioconsorti.it', 'UgWv-5P!', 'Fabio', 'Consorti', 'fabio.consorti@studioconsorti.it', NULL, '', 1),
	(45, 'studiocutolo.antonio@gmail.com', 'Blikk318@', 'Antonio', 'Cutolo', 'studiocutolo.antonio@gmail.com', NULL, '', 1),
	(47, 'info@studiodelgrosso.it', 'Gfcdg821#', 'Cristina', 'Del Grosso', 'info@studiodelgrosso.it', NULL, '', 1),
	(48, 'studiodelia@virgilio.it', 'Silver#596', 'Maurzio', 'Delia', 'studiodelia@virgilio.it', NULL, '', 1),
	(49, 'giuliano.difrancesco@studiodifrancesco.it', 'Burn@830', 'GIULIANO', 'DI FRANCESCO', 'giuliano.difrancesco@studiodifrancesco.it', NULL, '', 1),
	(51, 'sergiodigleria@libero.it', 'Kehler412#', 'Sergio', 'Di Gleria', 'sergiodigleria@libero.it', NULL, '', 1),
	(52, 'roberto.diaferia@studiodiaferia.com', 'Rain452#', 'Roberto', 'Diaferia', 'roberto.diaferia@studiodiaferia.com', NULL, '', 1),
	(53, 'giovannimicheledifino@gmail.com', 'Tj-UT4W9', 'Giovanni Michele', 'Difino', 'giovannimicheledifino@gmail.com', NULL, '', 1),
	(54, 'giorgio.diversi@studiodiversi.it', 'Vidoi794#', 'Giorgio', 'Diversi', 'giorgio.diversi@studiodiversi.it', NULL, '', 1),
	(55, 'f.favino@studiofavino.it', 'Rolo596@', 'Fabio', 'Favino', 'f.favino@studiofavino.it', NULL, '', 1),
	(56, 'luigi@studiofenni.it', 'Tt6hT@dv', 'Fenni', 'Fenni', 'luigi@studiofenni.it', NULL, '', 1),
	(57, 'daniele.ferrerio@studioferrerio.it', 'Perla#028', 'Daniele', 'Ferrerio', 'daniele.ferrerio@studioferrerio.it', NULL, '', 1),
	(58, 'studiosantoferri@gmail.com', 'Fontas924@', 'Santo', 'Ferri', 'studiosantoferri@gmail.com', NULL, '', 1),
	(59, 'info@esseticonsulting.it', 'Kluh388#', 'Alessandro', 'Festi', 'info@esseticonsulting.it', NULL, '', 1),
	(60, 'fornasier@gesasrl.eu', 'W_5XrJu1', 'Giorgio', 'Fornasier', 'fornasier@gesasrl.eu', NULL, '', 1),
	(61, 'heros.gaballo@gmail.com', 'Gaber945@', 'Heros', 'Gaballo', 'heros.gaballo@gmail.com', NULL, '', 1),
	(62, 'galizia', 'Pinna531', 'Agostino', 'Galizia', 'agogalizia@gmail.com', NULL, '', 1),
	(63, 'posta@studiogandellini.it', 'Kemps@848', 'Sergio', 'Gandellini', 'posta@studiogandellini.it', NULL, '', 1),
	(64, 'rolando.gatto@gattoassociati.it', 'Saott653#', 'Rolando', 'Gatto', 'rolando.gatto@gattoassociati.it', NULL, '', 1),
	(65, 'gennusolait@gmail.com', 'Lavto#298', 'Gaetano', 'Gennuso', 'gennusolait@gmail.com', NULL, '', 1),
	(66, 'solomon.tatiana@yahoo.it', 'W3vj%bZP', 'TATIANA', 'SOLOMON', 'solomon.tatiana@yahoo.it', NULL, '', 1),
	(67, 'info@giampaoli.com', 'Dp4U35%6', 'Osvaldo', 'Giampaoli', 'info@giampaoli.com', NULL, '', 1),
	(68, 'luca.giancarli@studiosanmichele.it', 'Kruh382@', 'Luca', 'Giancarli', 'luca.giancarli@studiosanmichele.it', NULL, '', 1),
	(69, 'a.goffy@kunstitalia.it', 'Tisnu@103', 'Alberto', 'Goffy', 'a.goffy@kunstitalia.it', NULL, '', 1),
	(70, 'ettore.nice@gmail.com', 'Bere823@', 'Ettore', 'Grazioso', 'ettore.nice@gmail.com', NULL, '', 1),
	(71, 'studiogriggio@gmail.com', 'FC-hS9Gd', 'Antonella', 'Griggio', 'studiogriggio@gmail.com', NULL, '', 1),
	(72, 'grillo.santi@gmail.com', 'NRmS4M_9', 'Santi', 'Grillo', 'grillo.santi@gmail.com', NULL, '', 1),
	(73, 'roberto@studio-guidi.it', 'Draki#876', 'Roberto', 'Guidi', 'roberto@studio-guidi.it', NULL, '', 1),
	(74, 'alessandro@studioguidotti.biz', 'Todiu815@', 'Alessandro', 'Guidotti', 'alessandro@studioguidotti.biz', 'FOTO-PROFILO.jpg', '', 1),
	(75, 'professional.2008@libero.it', 'Eracle938@', 'Gianluca', 'Iacobucci', 'professional.2008@libero.it', NULL, '', 1),
	(76, 'grazialambo@gmail.com', 'Boma353#', 'Grazia', 'Lambo', 'grazialambo@gmail.com', NULL, '', 1),
	(77, 'luca.lanteri@gmail.com', 'Ental856#', 'Luca', 'Lanteri', 'luca.lanteri@gmail.com', NULL, '', 1),
	(78, 'Leone', 'FraLeo#936', 'Francesco', 'Leone', 'leone@studioleone.biz', NULL, '', 1),
	(79, 'antonio@pianasviluppo.it', 'PiSvil@#769', 'Antonino', 'Librizzi', 'antonio@pianasviluppo.it', NULL, '', 1),
	(80, 'lobellomario@gmail.com', 'Amolle539#', 'Mario Luigi', 'Lo Bello', 'lobellomario@gmail.com', NULL, '', 1),
	(81, 'slonfernini@omniway.sm', 'a!K5Gmq#', 'Sante', 'Lonfernini', 'slonfernini@omniway.sm', NULL, '', 1),
	(82, 'paola.luretti@lbassociati.eu', 'Ghems850@', 'Paola', 'Luretti', 'paola.luretti@lbassociati.eu', NULL, '', 1),
	(83, 'daniele.lusignani@gmail.com', 'p3V2-emu', 'Daniele', 'Lusignani', 'daniele.lusignani@gmail.com', NULL, '', 1),
	(85, 'rita.mancini@studiomancini.biz', 'Camoi429@', 'Rita', 'Mancini', 'rita.mancini@studiomancini.biz', NULL, '', 1),
	(86, 'melissa@martinoms.it', 'Poms@395', 'Carmela', 'Martino', 'melissa@martinoms.it', NULL, '', 1),
	(87, 'roberto@robertomauro.it', 'Wolves#528', 'Roberto', 'Mauro', 'roberto@robertomauro.it', NULL, '', 1),
	(88, 'fabiomazzocchi@studiomazzocchi1948.it', 'MgXHz4$S', 'Fabio', 'Mazzocchi', 'fabiomazzocchi@studiomazzocchi1948.it', NULL, '', 1),
	(89, 'matteo.mele@studiomele.net', 'c%DU2v62', 'Matteo', 'Mele', 'matteo.mele@studiomele.net', NULL, '', 1),
	(90, 'o.melzi@stmi.eu', 'Ramoz391#', 'Omar', 'Melzi', 'o.melzi@stmi.eu', NULL, '', 1),
	(91, 'dlmadvisor', 'Merridlm321', 'Luca', 'Merricone', 'luca.merricone@dlmadvisor.it', NULL, '', 1),
	(92, 'amministrazione@valorimpresa.it', 'Tricker@823', 'LUCA', 'MOCHI', 'amministrazione@valorimpresa.it', NULL, '', 1),
	(93, 'bmorabito70@gmail.com', 'Barom846#', 'Bruno Giuseppe', 'Morabito', 'bmorabito70@gmail.com', NULL, '', 1),
	(94, 's.morlino@studiomorlino.it', 'bCeqF*3A', 'Saverio', 'Morlino', 's.morlino@studiomorlino.it', NULL, '', 1),
	(95, 'simoneragmoro@libero.it', 'Traker#420', 'Simone', 'Moro', 'simoneragmoro@libero.it', NULL, '', 1),
	(96, 'alessio@studionapoletani.com', 'Foed620#', 'Alessio', 'Napoletani', 'alessio@studionapoletani.com', NULL, '', 1),
	(97, 'neroneg@studionerone.it', 'YDrXr4@a', 'Gianni', 'Nerone', 'neroneg@studionerone.it', NULL, '', 1),
	(98, 'consulentegn@gmail.com', 'Moon-035', 'Gaetano', 'NOE', 'consulentegn@gmail.com', NULL, '', 1),
	(99, 'giorgioadeodato.norcia@gmail.com', 'Poec#946', 'Giorgio Adeodato', 'Norcia', 'giorgioadeodato.norcia@gmail.com', NULL, '', 1),
	(100, 'studionovelli@tiscali.it', '8n34+qEa', 'Guido', 'Novelli', 'studionovelli@tiscali.it', NULL, '', 1),
	(101, 'oliverioguglielmo@gmail.com', 'Brumm309#', 'Guglielmo', 'Oliverio', 'info@castellidominus.com', 'Castelliassociati_verticale_scrittablu (002).png', '035224114', 1),
	(102, 'andreaolivero@re-engineering.coach', 'Reeni#309', 'Andrea', 'Olivero', 'andreaolivero@re-engineering.coach', NULL, '', 1),
	(103, 'luca@studioolivieri.it', 'ProUs@945', 'Luca', 'Olivieri', 'luca@studioolivieri.it', NULL, '', 1),
	(104, 'cosimopanic@gmail.com', 'Oidon923@', 'Cosimo', 'Panico', 'cosimopanic@gmail.com', NULL, '', 1),
	(105, 'EnriPap', 'A4BusPP#625', 'Enrico', 'Pappalardo', 'enrico@analysisforbusiness.it', NULL, '', 1),
	(106, 'l.peretto@studioperetto.com', 'Streak896#', 'LUCA', 'PERETTO', 'l.peretto@studioperetto.com', NULL, '', 1),
	(107, 'giovanni@studiopezzano.it', 'Zano#410', 'Giovanni ', 'Pezzano', 'giovanni@studiopezzano.it', NULL, '', 1),
	(108, 'pierluca', 'Kurto#039', 'MARCO', 'PIERLUCA', 'marco.pier@alice.it', NULL, '', 1),
	(109, 'annamariapietroforte@gmail.com', 'tc-7nWNN', 'Annamaria', 'Pietroforte', 'annamariapietroforte@gmail.com', NULL, '', 1),
	(110, 'luisellapozzi@studiopozzi.it', 'Delta#423', 'LUISELLA', 'POZZI', 'luisellapozzi@studiopozzi.it', NULL, '', 1),
	(111, 'francesco.pozzoli@studiopozzoli.eu', 'Isach320@', 'Francesco', 'Pozzoli', 'francesco.pozzoli@studiopozzoli.eu', NULL, '', 1),
	(112, 'studiopucci', 'Trek420#', 'Claudio', 'Pucci', 'dr.pucci@studiopucci.com', NULL, '', 1),
	(113, 'a.pulcinelli@studiopulcinelli.it', 'Stars@938', 'ANDREA', 'PULCINELLI', 'a.pulcinelli@studiopulcinelli.it', NULL, '', 1),
	(114, 'rosella.quacquarini@studioquacquarini.it', 'c6*HB9fL', 'Rosella', 'Quacquarini', 'rosella.quacquarini@studioquacquarini.it', NULL, '', 1),
	(115, 'quagliotti', 'TulQua639', 'Tullio', 'Quagliotti', 'tullio@studioquagliotti.com', NULL, '', 1),
	(116, 'EdsServizi', 'SrlEds#034', 'Roberto', 'Randazzo', 'roberto.randazzo@edsservizi.it', NULL, '', 1),
	(117, 'marco@mywayconsulting.it', 'Lusno192@', 'Marco', 'Randazzo', 'marco@mywayconsulting.it', NULL, '', 1),
	(118, 'marco.ravanelli@studiointercon.it', 'Lenav304#', 'Marco', 'Ravanelli', 'marco.ravanelli@studiointercon.it', NULL, '', 1),
	(119, 'g.ravasio@studioravasio.it', 'Berre[824', 'GIULIANO', 'RAVASIO', 'g.ravasio@studioravasio.it', NULL, '', 1),
	(120, 'rivoira@impresamanager.it', 'Pink528@', 'Enrico', 'Rivoira', 'rivoira@impresamanager.it', NULL, '', 1),
	(121, 'magro.gaspare@gmail.com', '6B-DnP8j', 'FRANCESCO', 'RIZZI', 'magro.gaspare@gmail.com', NULL, '', 1),
	(122, 'angelo@studioromagnoli.eu', 'longo#943', 'Angelo', 'Romagnoli', 'angelo@studioromagnoli.eu', NULL, '', 1),
	(123, 'daniela.salini@gmail.com', 'Kold@502', 'Daniela', 'Salini', 'daniela.salini@gmail.com', NULL, '', 1),
	(124, 'msallemi@psmetodologie.com', 'Priamo734#', 'Marcello', 'Sallemi', 'msallemi@psmetodologie.com', NULL, '', 1),
	(125, 'annarita.salvatorelli@convisio.net', 'Mucel036#', 'Annarita', 'Salvatorelli', 'annarita.salvatorelli@convisio.net', NULL, '', 1),
	(126, 'amministrazioneduessesrl@gmail.com', 'ZUc8Eh#p', 'Simona', 'Sassi', 'amministrazioneduessesrl@gmail.com', NULL, '', 1),
	(127, 'ferruccio.sassone@opentorino.it', 'Nossa304#', 'Ferruccio', 'Sassone', 'ferruccio.sassone@opentorino.it', NULL, '', 1),
	(128, 'davide@scandaletti.com', 'Sammer#634', 'Davide', 'Scandaletti', 'davide@scandaletti.com', NULL, '', 1),
	(129, 'g.schepis.milano@gmail.com', 'Pesch339@', 'Giovanni', 'Schepis', 'g.schepis.milano@gmail.com', NULL, '', 1),
	(130, 'miguel@scordamaglia.it', 'Adoco509@', 'Miguel', 'Scordamaglia', 'miguel@scordamaglia.it', NULL, '', 1),
	(131, 's.servarolo@gmail.com', 'AhsRh4*d', 'Savino', 'Selvarolo', 's.servarolo@gmail.com', NULL, '', 1),
	(132, 'dottdomenicosilvestri@gmail.com', 'Socin392@', 'Domenico', 'Silvestri', 'dottdomenicosilvestri@gmail.com', NULL, '', 1),
	(133, 'domenico.sinopoli@studiosinopoli.it', 'Ponis094#', 'Domenico', 'Sinopoli', 'domenico.sinopoli@studiosinopoli.it', NULL, '', 1),
	(134, 'g.spadaccia@studiospadaccia.it', 'Cadap#734', 'Gianluca', 'Spadaccia', 'g.spadaccia@studiospadaccia.it', NULL, '', 1),
	(135, 'gt@duetstudio.it', 'Being273@', 'Graziano', 'Taramasso', 'gt@duetstudio.it', NULL, '', 1),
	(136, 'emilio.tasca@cedat.net', 'Kness@934', 'Emilio', 'Tasca', 'emilio.tasca@cedat.net', NULL, '', 1),
	(137, 'tedeschi@studiosarconefrasca.it', 'Craso#672', 'Davide', 'Tedeschi', 'tedeschi@studiosarconefrasca.it', NULL, '', 1),
	(139, 'silvia.tessari@vodafone.it', 'sM&EkD4G', 'Silvia', 'Tessari', 'silvia.tessari@vodafone.it', NULL, '', 1),
	(140, 'studiotesti@tiscali.it', 'Setio992@', 'Simone', 'Testi', 'studiotesti@tiscali.it', NULL, '', 1),
	(141, 'salvatoretommasi@studiotommasi.org', 'Prear#625', 'Salvatore', 'Tommasi', 'salvatoretommasi@studiotommasi.org', NULL, '', 1),
	(142, 'rag.trifoglio@gmail.com', 'Ilgof@528', 'Giovanni Antonio', 'Trifoglio', 'rag.trifoglio@gmail.com', NULL, '', 1),
	(143, 'consulenza@eaenterprisesrls.eu', 'OliPri523#', 'Alberto', 'Tripoli', 'consulenza@eaenterprisesrls.eu', NULL, '', 1),
	(144, 'marcobonfiglio@studiobonfiglioevalori.it', 'Breed+742', 'Marco', 'Valori', 'marcobonfiglio@studiobonfiglioevalori.it', NULL, '', 1),
	(145, 'alessandro.villa@vmvassociati.it', 'ejQ7*PbV', 'Alessandro', 'Villa', 'alessandro.villa@vmvassociati.it', NULL, '', 1),
	(146, 'fabiozambelli@studiobassodebortoli.it', 'Dossab592@', 'Fabio', 'Zambelli', 'fabiozambelli@studiobassodebortoli.it', NULL, '', 1),
	(147, 'leonardo@studiozappanico.it', 'Pazoi418#', 'Leonardo', 'Zappanico', 'leonardo@studiozappanico.it', NULL, '', 1),
	(148, 'luigi@studiomasi.net', 'pappalardo852', 'Luigi', 'Pappalardo', 'luigi@studiomasi.net', NULL, '', 1),
	(149, 'g.castelli@castellidominus.com', 'castelli63@', 'Giampaolo', 'Castelli', 'g.castelli@castellidominus.com', NULL, '', 1),
	(150, 'c.baretti@castellidominus.com', 'castelli2020#', 'Carmelo', 'Baretti', 'c.baretti@castellidominus.com', NULL, '', 1),
	(151, 'studio.frasca.giovanni@alice.it', 'giovanni351@', 'Giovanni', 'Frasca', 'studio.frasca.giovanni@alice.it', NULL, '', 1),
	(152, 'manuela.mancini@studiomancini.biz', 'mancini90#', 'Manuela', 'Mancini', 'manuela.mancini@studiomancini.biz', NULL, '', 1),
	(153, 'elena.mencini@studiomancini.biz', 'menciniElena003@', 'Elena', 'Mancini', 'elena.mencini@studiomancini.biz', NULL, '', 1),
	(154, 'studiorussogenny@gmail.com', 'russoGenny66$', 'Genny', 'Russo', 'studiorussogenny@gmail.com', NULL, '', 1),
	(155, 'nicolacavaccini@gmail.com', 'cavaccini503@', 'Nicola', 'Cavaccini', 'nicolacavaccini@gmail.com', NULL, '', 1),
	(156, 'cristina.lolli@studiololli.it', 'Lodio652@', 'Cristina', 'Lolli', 'cristina.lolli@studiololli.it', NULL, '', 1),
	(157, 'f.santoni@studiomarchetti.net', 'santoni987@', 'Federico', 'Santoni', 'f.santoni@studiomarchetti.net', NULL, '', 1),
	(158, 'INFO@SAMA-CONSULTING.IT', 'Drum[394', 'Giuseppe', 'Sanitate', 'INFO@SAMA-CONSULTING.IT', NULL, '', 1),
	(159, 'massimo.delcupola@gmail.com', 'delCupola2020#@', 'Massimo', 'Del Cupola', 'massimo.delcupola@gmail.com', NULL, '', 1),
	(160, 'sabbatini@tacs-legal.it', 'sabbatini22@', 'Claudio', 'Sabbatini', 'sabbatini@tacs-legal.it', NULL, '', 1),
	(161, 'sabatinopasquale@studiosabatino.com', 'sabatino357#', 'Pasquale', 'Sabatino', 'sabatinopasquale@studiosabatino.com', NULL, '', 1),
	(164, 'jacopo@studiopucci.com', 'pucciJacopo20#', 'Jacopo', 'Pucci', 'jacopo@studiopucci.com', NULL, '', 1),
	(165, 'claudia.pucci@studiopucci.com', 'pucciClaudia14#', 'Claudia', 'Pucci', 'claudia.pucci@studiopucci.com', NULL, '', 1),
	(166, 'agogalizia@gmail.com', 'fiXXAbL@2apH', 'Marco', 'Pinna', 'agogalizia@gmail.com', NULL, '', 1),
	(167, 'piesor86@gmail.com', 'Rosei866@', 'Piero', 'Sorino', 'piesor86@gmail.com', NULL, '', 1),
	(168, 'salvatogiu@libero.it', 'salvato985@', 'Giuseppe', 'Salvato', 'salvatogiu@libero.it', NULL, '', 1),
	(169, 'a.boccaccio@kunstitalia.it', 'boccaccio145@', 'Andrea', 'Boccaccio', 'a.boccaccio@kunstitalia.it', NULL, '', 1),
	(171, 'pasottig@gmail.com', 'Gitto290@', 'Giorgo', 'Pasotti', 'pasottig@gmail.com', NULL, '', 1),
	(172, 'andrea.pardo888@gmail.com', 'Pgipa586@', 'Andrea', 'Pardo', 'andrea.pardo888@gmail.com', NULL, '', 1),
	(173, 'studiodep@gmail.com', 'fB%LAW78', 'LUIGI', 'PAOLA', 'studiodep@gmail.com', NULL, '', 1),
	(174, 'simonepanato@gmail.com', 'Potty@982', 'Simone', 'Panato', 'simonepanato@gmail.com', NULL, '', 1),
	(175, 'marioferrario@studiomainini.it', 'mainini0321@', 'Aldo', 'Mainini', 'marioferrario@studiomainini.it', NULL, '', 1),
	(176, 'roberto.pace@consultingpool.it', 'Lunso#216', 'Roberto', 'Pace', 'roberto.pace@consultingpool.it', NULL, '', 1),
	(177, 'palombipietro@hotmail.com', 'Pimbo482#', 'Pietro', 'Palombi', 'palombipietro@hotmail.com', '164.JPG', '3281350747', 1),
	(178, 'antonio@easyit.digital', 'volpe003@', 'Antonio', 'Volpe', 'antonio@easyit.digital', NULL, '', 1),
	(181, 'studiobettonivicini@gmail.com', 'Vinot437@', 'Lorenzo', 'Vicini', 'studiobettonivicini@gmail.com', NULL, '', 1),
	(182, 'flavio@studiovandin.com', 'Velox694@', 'Flavio', 'Vandin', 'flavio@studiovandin.com', NULL, '', 1),
	(183, 'alberto@studioturnaturi.it', 'turnaturi36#', 'Massimo', 'Turnaturi', 'alberto@studioturnaturi.it', NULL, '', 1),
	(184, 'tudor@easyit.digital', '2m7Ht%$u', 'Vlat', 'Tudor', 'tudor@easyit.digital', NULL, '', 1),
	(185, 'amministrazione@troleseassociati.it', 'Darth320@', 'Edoardo', 'Trolese', 'amministrazione@troleseassociati.it', NULL, '', 1),
	(186, 'vittoriotrolese45@gmail.com', 'trolese234@', 'Vittorio', 'Trolese', 'vittoriotrolese45@gmail.com', NULL, '', 1),
	(187, 'n.tortorella@ennetisolving.it', 'Torlat766#', 'Nicola', 'Tortorella', 'n.tortorella@ennetisolving.it', NULL, '', 1),
	(189, 'laura.tessari@outlook.com', 'tessari183$', 'Laura', 'Tessari', 'laura.tessari@outlook.com', NULL, '', 1),
	(190, 'elena@studiotallarita.it', 'tallarita654@', 'Elena', 'Tallarita', 'elena@studiotallarita.it', NULL, '', 1),
	(191, 'amministrazione@logica-mente.it', 'Milky+293', 'Ennio', 'Speranza', 'amministrazione@logica-mente.it', NULL, '', 1),
	(192, 'marco.speranza@gmail.com', 'speranzaMarco36@', 'Marco', 'Speranza', 'marco.speranza@gmail.com', NULL, '', 1),
	(194, 'c.sellacci@ksfpartners.it', 'uybpIg$P@bt@', 'Corrado', 'Sellacci', 'c.sellacci@ksfpartners.it', NULL, '', 1),
	(196, 'altaconsulenza@libero.it', 'nardella654#', 'Leonardo', 'Nardella', 'altaconsulenza@libero.it', NULL, '', 1),
	(197, 'sallemi@psmetodologie.com', 'sallemi33@', 'Bruno', 'Sallemi', 'sallemi@psmetodologie.com', NULL, '335456864', 1),
	(198, 'davidepalazzolo@psmetodologie.com', 'palazzolo39#', 'Davide', 'Palazzolo', 'davidepalazzolo@psmetodologie.com', NULL, '3920679835', 1),
	(199, 'mariella@nuoviscenari.it', 'mariella.32@', 'Anna', 'Mariella', 'mariella@nuoviscenari.it', NULL, '', 1),
	(200, 'e.marchetti@studiomarchetti.mi.it', 'Terac845#', 'Elena Maria Carla', 'Marchetti', 'e.marchetti@studiomarchetti.mi.it', NULL, '', 1),
	(201, 'marialuisa@studiomaniero.it', 'Namoi723@', 'Maria Luisa', 'Maniero', 'marialuisa@studiomaniero.it', NULL, '', 1),
	(202, 'marco.mancini@studiomancini.biz', 'manciniMarco333@', 'Marco', 'Mancini', 'marco.mancini@studiomancini.biz', NULL, '', 1),
	(203, 'marialuisarozzi@as-msrl.it', '7siJbgP8YH9c', 'Maria Luisa', 'Rozzi', 'marialuisarozzi@as-msrl.it', NULL, '', 1),
	(204, 'a.cavazzini@losicavazzini.it', 'Ballack#294', 'Antonio', 'Losi', 'a.cavazzini@losicavazzini.it', NULL, '', 1),
	(205, 'saragasparini@as-msrl.it', 'xeknKEKYtGY9', 'Sara', 'Gasparini', 'saragasparini@as-msrl.it', NULL, '', 1),
	(206, 'antonio@studiolapomarda.it', 'Dama#672', 'Antonio', 'Lapomarda', 'antonio@studiolapomarda.it', NULL, '', 1),
	(207, 'eros.gaballo@gmail.com', 'imbrogno147@', 'Egidio', 'Imbrogno', 'eros.gaballo@gmail.com', NULL, '', 1),
	(208, 'capoccettal@libero.it', 'capoccetta321#', 'Luigi', 'Capoccetta', 'capoccettal@libero.it', NULL, '', 1),
	(209, 'patrizia.grimaldi@gmail.com', 'Mirga#724', 'Patrizia', 'Grimaldi', 'patrizia.grimaldi@gmail.com', NULL, '', 1),
	(210, 'zingaroselvarolo@gmail.com', 'zingaro147@', 'Riccardina', 'Zingaro', 'zingaroselvarolo@gmail.com', NULL, '', 1),
	(211, 'studiocutolo.emidio@gmail.com', 'cutolo333@', 'Emidio', 'Cutolo', 'studiocutolo.emidio@gmail.com', NULL, '', 1),
	(212, 'petrozziedmondo@gmail.com', 'Mendo361#', 'Edmondo', 'Petrozzi', 'petrozziedmondo@gmail.com', NULL, '', 1),
	(213, 'p.fuocoragusa@gmail.com', 'Garoc#712', 'Pietro', 'Fuoco Ragusa', 'p.fuocoragusa@gmail.com', NULL, '', 1),
	(214, 'carlo@giai.it', 'giaiCarlo987$', 'Carlo Giovanni', 'Giai', 'carlo@giai.it', NULL, '', 1),
	(215, 'a.ferrario@studio-ferrario.it', 'Arref274@', 'Andrea', 'Ferrario', 'a.ferrario@studio-ferrario.it', NULL, '', 1),
	(217, 'froganddrag@gmail.com', 'nczdH9%q', 'Raniero', 'Dragonetti', 'froganddrag@gmail.com', NULL, '', 1),
	(219, 'renato.difrancesco@studiodifrancesco.it', 'fp7Qe8T9jXcP', 'Renato', 'Di Francesco', 'renato.difrancesco@studiodifrancesco.it', NULL, '', 1),
	(220, 'pietrobenucci@libero.it', 'benucci11@#', 'Pietro', 'Benucci', 'pietrobenucci@libero.it', NULL, '', 1),
	(221, 'adanella@fourconsult.it', 'Nocru217#', 'Antonino', 'Danella', 'adanella@fourconsult.it', NULL, '', 1),
	(222, 'maurizio@professionistiassociati.eu', 'Ossat781#', 'Maurizio', 'D\'elia', 'maurizio@professionistiassociati.eu', NULL, '', 1),
	(223, 'cracchioloalfonso@live.it', 'Nofla201#', 'Alfonso', 'Cracchiolo', 'cracchioloalfonso@live.it', NULL, '', 1),
	(224, 'bruna@euritaly.it', 'Italy821#', 'Bruna Fulvia', 'Correnti', 'bruna@euritaly.it', NULL, '', 1),
	(225, 'nicola.corradini@studioassociatomsc.com', 'Darroc#301', 'Nicola', 'Corradini', 'nicola.corradini@studioassociatomsc.com', NULL, '', 1),
	(226, 'info@studiodentamaro.com', 'dentamaro456#', 'Rosario', 'Dentamaro', 'info@studiodentamaro.com', NULL, '', 1),
	(227, 'fabiana@studiocoletta.com', 'coletta532@', 'Fabiana', 'Coletta', 'fabiana@studiocoletta.com', NULL, '', 1),
	(228, 'ale.coletta@mclink.it', 'coletta395@', 'Alessandra', 'Coletta', 'ale.coletta@mclink.it', NULL, '', 1),
	(229, 'silvia@cilia.it', 'cilia024$', 'Silvia', 'Cilia', 'silvia@cilia.it', NULL, '', 1),
	(230, 'laurapozzi@studiopozzi.it', 'pozziLaura2020@', 'Laura', 'Pozzi', 'laurapozzi@studiopozzi.it', NULL, '', 1),
	(231, 'm.cerchi@pico-adviser.com', 'Vidas206@', 'Massimo', 'Cerchi', 'm.cerchi@pico-adviser.com', 'Logo-Pico-25-CR-Verde-300x300.png', '3284935109', 1),
	(232, 'mondifm@gmail.com', 'mondi555#', 'Francesca', 'Mondi', 'mondifm@gmail.com', NULL, '', 1),
	(233, 'e.pulcinelli@studiopulcinelli.it', 'pulcinelli123#', 'Elisabetta', 'Pulcinelli', 'e.pulcinelli@studiopulcinelli.it', NULL, '', 1),
	(234, 'cassano@nuoviscenari.it', 'Ranec438#', 'Guiseppe', 'Cassano', 'cassano@nuoviscenari.it', NULL, '', 1),
	(235, 'cappa@studiocappa.net', 'cappaNicola98@', 'Nicola', 'Cappa', 'cappa@studiocappa.net', NULL, '', 1),
	(236, 'luigi.cantelli@cpaconsulting.it', '8D?CucCV', 'Luigi', 'Cantelli', 'luigi.cantelli@cpaconsulting.it', NULL, '', 1),
	(238, 'amministrazione.studiobufalini@gmail.com', 'Fuboi#942', 'Antonio', 'Bufalini', 'amministrazione.studiobufalini@gmail.com', NULL, '', 1),
	(239, 'd.taramasso@duetstudio.it', 'taramasso321#', 'Dario', 'Taramasso', 'd.taramasso@duetstudio.it', NULL, '', 1),
	(240, 'elisa_boffi@yahoo.it', 'boffi50$', 'Elisa', 'Boffi', 'elisa_boffi@yahoo.it', NULL, '', 1),
	(242, 'avioberti@tin.it', 'FloTre@92', 'Avio', 'Berti', 'avioberti@tin.it', NULL, '', 1),
	(243, 'dbernardi@numberservice.it', 'SerdiL726#', 'Daniele', 'Bernardi', 'dbernardi@numberservice.it', NULL, '', 1),
	(244, 'aurelio.bentivegna@gmail.com', 'Tigna093@', 'Aurelio', 'Bentivengna', 'aurelio.bentivegna@gmail.com', NULL, '', 1),
	(245, 'danilo.manni01@gmail.com', '7y3hhPbHKFEp', 'Danilo', 'Manni', 'amministrazione@valorimpresa.it', NULL, '', 1),
	(246, 'INFO@STUDIOBAGLIERI.IT', 'baglieri369#', 'Nunziata', 'Baglieri', 'INFO@STUDIOBAGLIERI.IT', NULL, '', 1),
	(247, 'studioassociatolgt@gmail.com', 'VLSatj#3', 'Aldo', 'Avvisati', 'studioassociatolgt@gmail.com', NULL, '', 1),
	(248, 'lorenzo.vimercati@vmvassociati.it', 'vemercati741@', 'Lorenzo', 'Vimercati', 'lorenzo.vimercati@vmvassociati.it', NULL, '', 1),
	(251, 'amatifausto1@gmail.com', 'Suafi846@', 'Fausto', 'Amati', 'amatifausto1@gmail.com', NULL, '', 1),
	(252, 'antoniozampieri@me.com', 'Pinza285#', 'Antonio', 'Zampireri', 'antoniozampieri@me.com', NULL, '', 1),
	(254, 'roberto.v@studiobrancozzi.it', 'cudrev941#', 'Roberto', 'Verducci', 'roberto.v@studiobrancozzi.it', NULL, '', 1),
	(256, 'albandelishi', '12345678', 'Alban', 'Delishi', 'alban.delishi97@gmail.com', NULL, '', 1),
	(257, 'guido.giampaolo@yahoo.it', 'Winner823#', 'Guido', 'Giampaolo', 'guido.giampaolo@yahoo.it', NULL, '', 1),
	(258, 'alessandrogabriele.idini@gmail.com', 'Nidile742#', 'Alessandro Gabriele', 'Idini', 'alessandrogabriele.idini@gmail.com', NULL, '', 1),
	(259, 'ginomanoni@aziendaoggi.it', 'Yester182@', 'Gino', 'Manoni', 'ginomanoni@aziendaoggi.it', NULL, '', 1),
	(260, 'mezzavilla@studiomezzavilla.it', 'Alliv649@', 'Alessandro', 'Mezzavilla', 'mezzavilla@studiomezzavilla.it', NULL, '', 1),
	(261, 'test', 'test', 'test', 'test', 'testee1@test.com', NULL, '', 1),
	(262, 'test1', 'test', 'test1', 'tes1', 'testee1@test.com', NULL, '', 1),
	(263, '5344', '3adads', 'test232', 'sadad', 'testee1@test.com', NULL, '', 1);
/*!40000 ALTER TABLE `user` ENABLE KEYS */;

/*!40101 SET SQL_MODE=IFNULL(@OLD_SQL_MODE, '') */;
/*!40014 SET FOREIGN_KEY_CHECKS=IFNULL(@OLD_FOREIGN_KEY_CHECKS, 1) */;
/*!40101 SET CHARACTER_SET_CLIENT=@OLD_CHARACTER_SET_CLIENT */;
/*!40111 SET SQL_NOTES=IFNULL(@OLD_SQL_NOTES, 1) */;
